endpoint	dataset	graph
https://rdfportal.org/bioportal/sparql	bioportal	http://rdf.integbio.jp/dataset/bioportal/aba-amb
https://rdfportal.org/bioportal/sparql	bioportal	http://rdf.integbio.jp/dataset/bioportal/abd
https://rdfportal.org/bioportal/sparql	bioportal	http://rdf.integbio.jp/dataset/bioportal/aceso
https://rdfportal.org/bioportal/sparql	bioportal	http://rdf.integbio.jp/dataset/bioportal/acgt-mo
https://rdfportal.org/bioportal/sparql	bioportal	http://rdf.integbio.jp/dataset/bioportal/ad-drop
https://rdfportal.org/bioportal/sparql	bioportal	http://rdf.integbio.jp/dataset/bioportal/adcad
https://rdfportal.org/bioportal/sparql	bioportal	http://rdf.integbio.jp/dataset/bioportal/adher_intcare_en
https://rdfportal.org/bioportal/sparql	bioportal	http://rdf.integbio.jp/dataset/bioportal/adher_intcare_sp
https://rdfportal.org/bioportal/sparql	bioportal	http://rdf.integbio.jp/dataset/bioportal/admo
https://rdfportal.org/bioportal/sparql	bioportal	http://rdf.integbio.jp/dataset/bioportal/ado
https://rdfportal.org/bioportal/sparql	bioportal	http://rdf.integbio.jp/dataset/bioportal/adw
https://rdfportal.org/bioportal/sparql	bioportal	http://rdf.integbio.jp/dataset/bioportal/aeo
https://rdfportal.org/bioportal/sparql	bioportal	http://rdf.integbio.jp/dataset/bioportal/aero
https://rdfportal.org/bioportal/sparql	bioportal	http://rdf.integbio.jp/dataset/bioportal/afo
https://rdfportal.org/bioportal/sparql	bioportal	http://rdf.integbio.jp/dataset/bioportal/agro
https://rdfportal.org/bioportal/sparql	bioportal	http://rdf.integbio.jp/dataset/bioportal/agrocymac
https://rdfportal.org/bioportal/sparql	bioportal	http://rdf.integbio.jp/dataset/bioportal/agromop
https://rdfportal.org/bioportal/sparql	bioportal	http://rdf.integbio.jp/dataset/bioportal/ahol
https://rdfportal.org/bioportal/sparql	bioportal	http://rdf.integbio.jp/dataset/bioportal/ahso
https://rdfportal.org/bioportal/sparql	bioportal	http://rdf.integbio.jp/dataset/bioportal/ai-rheum
https://rdfportal.org/bioportal/sparql	bioportal	http://rdf.integbio.jp/dataset/bioportal/aio
https://rdfportal.org/bioportal/sparql	bioportal	http://rdf.integbio.jp/dataset/bioportal/airbus
https://rdfportal.org/bioportal/sparql	bioportal	http://rdf.integbio.jp/dataset/bioportal/aism
https://rdfportal.org/bioportal/sparql	bioportal	http://rdf.integbio.jp/dataset/bioportal/amino-acid
https://rdfportal.org/bioportal/sparql	bioportal	http://rdf.integbio.jp/dataset/bioportal/amphx
https://rdfportal.org/bioportal/sparql	bioportal	http://rdf.integbio.jp/dataset/bioportal/ao
https://rdfportal.org/bioportal/sparql	bioportal	http://rdf.integbio.jp/dataset/bioportal/apo
https://rdfportal.org/bioportal/sparql	bioportal	http://rdf.integbio.jp/dataset/bioportal/apollo-sv
https://rdfportal.org/bioportal/sparql	bioportal	http://rdf.integbio.jp/dataset/bioportal/arcrc
https://rdfportal.org/bioportal/sparql	bioportal	http://rdf.integbio.jp/dataset/bioportal/aro
https://rdfportal.org/bioportal/sparql	bioportal	http://rdf.integbio.jp/dataset/bioportal/aspect
https://rdfportal.org/bioportal/sparql	bioportal	http://rdf.integbio.jp/dataset/bioportal/assaynode
https://rdfportal.org/bioportal/sparql	bioportal	http://rdf.integbio.jp/dataset/bioportal/atc
https://rdfportal.org/bioportal/sparql	bioportal	http://rdf.integbio.jp/dataset/bioportal/ato
https://rdfportal.org/bioportal/sparql	bioportal	http://rdf.integbio.jp/dataset/bioportal/atol
https://rdfportal.org/bioportal/sparql	bioportal	http://rdf.integbio.jp/dataset/bioportal/atom
https://rdfportal.org/bioportal/sparql	bioportal	http://rdf.integbio.jp/dataset/bioportal/bao
https://rdfportal.org/bioportal/sparql	bioportal	http://rdf.integbio.jp/dataset/bioportal/bao-gpcr
https://rdfportal.org/bioportal/sparql	bioportal	http://rdf.integbio.jp/dataset/bioportal/bcgo
https://rdfportal.org/bioportal/sparql	bioportal	http://rdf.integbio.jp/dataset/bioportal/bci-o
https://rdfportal.org/bioportal/sparql	bioportal	http://rdf.integbio.jp/dataset/bioportal/bco
https://rdfportal.org/bioportal/sparql	bioportal	http://rdf.integbio.jp/dataset/bioportal/bcs7
https://rdfportal.org/bioportal/sparql	bioportal	http://rdf.integbio.jp/dataset/bioportal/bcs8
https://rdfportal.org/bioportal/sparql	bioportal	http://rdf.integbio.jp/dataset/bioportal/bcteo
https://rdfportal.org/bioportal/sparql	bioportal	http://rdf.integbio.jp/dataset/bioportal/bdo
https://rdfportal.org/bioportal/sparql	bioportal	http://rdf.integbio.jp/dataset/bioportal/bero
https://rdfportal.org/bioportal/sparql	bioportal	http://rdf.integbio.jp/dataset/bioportal/bfo
https://rdfportal.org/bioportal/sparql	bioportal	http://rdf.integbio.jp/dataset/bioportal/bho
https://rdfportal.org/bioportal/sparql	bioportal	http://rdf.integbio.jp/dataset/bioportal/bibframe
https://rdfportal.org/bioportal/sparql	bioportal	http://rdf.integbio.jp/dataset/bioportal/bifo
https://rdfportal.org/bioportal/sparql	bioportal	http://rdf.integbio.jp/dataset/bioportal/bin
https://rdfportal.org/bioportal/sparql	bioportal	http://rdf.integbio.jp/dataset/bioportal/biodivthes
https://rdfportal.org/bioportal/sparql	bioportal	http://rdf.integbio.jp/dataset/bioportal/biolink
https://rdfportal.org/bioportal/sparql	bioportal	http://rdf.integbio.jp/dataset/bioportal/biomodels
https://rdfportal.org/bioportal/sparql	bioportal	http://rdf.integbio.jp/dataset/bioportal/bipom
https://rdfportal.org/bioportal/sparql	bioportal	http://rdf.integbio.jp/dataset/bioportal/birnlex
https://rdfportal.org/bioportal/sparql	bioportal	http://rdf.integbio.jp/dataset/bioportal/birthonto
https://rdfportal.org/bioportal/sparql	bioportal	http://rdf.integbio.jp/dataset/bioportal/bko
https://rdfportal.org/bioportal/sparql	bioportal	http://rdf.integbio.jp/dataset/bioportal/bms-lm
https://rdfportal.org/bioportal/sparql	bioportal	http://rdf.integbio.jp/dataset/bioportal/bno
https://rdfportal.org/bioportal/sparql	bioportal	http://rdf.integbio.jp/dataset/bioportal/bof
https://rdfportal.org/bioportal/sparql	bioportal	http://rdf.integbio.jp/dataset/bioportal/bp
https://rdfportal.org/bioportal/sparql	bioportal	http://rdf.integbio.jp/dataset/bioportal/bp-metadata
https://rdfportal.org/bioportal/sparql	bioportal	http://rdf.integbio.jp/dataset/bioportal/bpt
https://rdfportal.org/bioportal/sparql	bioportal	http://rdf.integbio.jp/dataset/bioportal/brct
https://rdfportal.org/bioportal/sparql	bioportal	http://rdf.integbio.jp/dataset/bioportal/bridg
https://rdfportal.org/bioportal/sparql	bioportal	http://rdf.integbio.jp/dataset/bioportal/bro
https://rdfportal.org/bioportal/sparql	bioportal	http://rdf.integbio.jp/dataset/bioportal/brso
https://rdfportal.org/bioportal/sparql	bioportal	http://rdf.integbio.jp/dataset/bioportal/bsao
https://rdfportal.org/bioportal/sparql	bioportal	http://rdf.integbio.jp/dataset/bioportal/bspo
https://rdfportal.org/bioportal/sparql	bioportal	http://rdf.integbio.jp/dataset/bioportal/bt
https://rdfportal.org/bioportal/sparql	bioportal	http://rdf.integbio.jp/dataset/bioportal/bto
https://rdfportal.org/bioportal/sparql	bioportal	http://rdf.integbio.jp/dataset/bioportal/bto_ontology
https://rdfportal.org/bioportal/sparql	bioportal	http://rdf.integbio.jp/dataset/bioportal/cabro
https://rdfportal.org/bioportal/sparql	bioportal	http://rdf.integbio.jp/dataset/bioportal/canco
https://rdfportal.org/bioportal/sparql	bioportal	http://rdf.integbio.jp/dataset/bioportal/canont
https://rdfportal.org/bioportal/sparql	bioportal	http://rdf.integbio.jp/dataset/bioportal/cao
https://rdfportal.org/bioportal/sparql	bioportal	http://rdf.integbio.jp/dataset/bioportal/carelex
https://rdfportal.org/bioportal/sparql	bioportal	http://rdf.integbio.jp/dataset/bioportal/caro
https://rdfportal.org/bioportal/sparql	bioportal	http://rdf.integbio.jp/dataset/bioportal/case-base-onto
https://rdfportal.org/bioportal/sparql	bioportal	http://rdf.integbio.jp/dataset/bioportal/cbo
https://rdfportal.org/bioportal/sparql	bioportal	http://rdf.integbio.jp/dataset/bioportal/ccf
https://rdfportal.org/bioportal/sparql	bioportal	http://rdf.integbio.jp/dataset/bioportal/cco
https://rdfportal.org/bioportal/sparql	bioportal	http://rdf.integbio.jp/dataset/bioportal/ccont
https://rdfportal.org/bioportal/sparql	bioportal	http://rdf.integbio.jp/dataset/bioportal/cctoo
https://rdfportal.org/bioportal/sparql	bioportal	http://rdf.integbio.jp/dataset/bioportal/cdao
https://rdfportal.org/bioportal/sparql	bioportal	http://rdf.integbio.jp/dataset/bioportal/cdno
https://rdfportal.org/bioportal/sparql	bioportal	http://rdf.integbio.jp/dataset/bioportal/cdo
https://rdfportal.org/bioportal/sparql	bioportal	http://rdf.integbio.jp/dataset/bioportal/cdpeo
https://rdfportal.org/bioportal/sparql	bioportal	http://rdf.integbio.jp/dataset/bioportal/chd
https://rdfportal.org/bioportal/sparql	bioportal	http://rdf.integbio.jp/dataset/bioportal/chear
https://rdfportal.org/bioportal/sparql	bioportal	http://rdf.integbio.jp/dataset/bioportal/chebi
https://rdfportal.org/bioportal/sparql	bioportal	http://rdf.integbio.jp/dataset/bioportal/cheminf
https://rdfportal.org/bioportal/sparql	bioportal	http://rdf.integbio.jp/dataset/bioportal/chemrof
https://rdfportal.org/bioportal/sparql	bioportal	http://rdf.integbio.jp/dataset/bioportal/chiro
https://rdfportal.org/bioportal/sparql	bioportal	http://rdf.integbio.jp/dataset/bioportal/chmo
https://rdfportal.org/bioportal/sparql	bioportal	http://rdf.integbio.jp/dataset/bioportal/cido
https://rdfportal.org/bioportal/sparql	bioportal	http://rdf.integbio.jp/dataset/bioportal/ckdo
https://rdfportal.org/bioportal/sparql	bioportal	http://rdf.integbio.jp/dataset/bioportal/cl
https://rdfportal.org/bioportal/sparql	bioportal	http://rdf.integbio.jp/dataset/bioportal/clao
https://rdfportal.org/bioportal/sparql	bioportal	http://rdf.integbio.jp/dataset/bioportal/clo
https://rdfportal.org/bioportal/sparql	bioportal	http://rdf.integbio.jp/dataset/bioportal/clyh
https://rdfportal.org/bioportal/sparql	bioportal	http://rdf.integbio.jp/dataset/bioportal/cmdo
https://rdfportal.org/bioportal/sparql	bioportal	http://rdf.integbio.jp/dataset/bioportal/cmo
https://rdfportal.org/bioportal/sparql	bioportal	http://rdf.integbio.jp/dataset/bioportal/cmr-qa
https://rdfportal.org/bioportal/sparql	bioportal	http://rdf.integbio.jp/dataset/bioportal/cno
https://rdfportal.org/bioportal/sparql	bioportal	http://rdf.integbio.jp/dataset/bioportal/co-wheat
https://rdfportal.org/bioportal/sparql	bioportal	http://rdf.integbio.jp/dataset/bioportal/cob
https://rdfportal.org/bioportal/sparql	bioportal	http://rdf.integbio.jp/dataset/bioportal/codo
https://rdfportal.org/bioportal/sparql	bioportal	http://rdf.integbio.jp/dataset/bioportal/cogat
https://rdfportal.org/bioportal/sparql	bioportal	http://rdf.integbio.jp/dataset/bioportal/cogpo
https://rdfportal.org/bioportal/sparql	bioportal	http://rdf.integbio.jp/dataset/bioportal/cohsi2study
https://rdfportal.org/bioportal/sparql	bioportal	http://rdf.integbio.jp/dataset/bioportal/cohsi2termsweekx
https://rdfportal.org/bioportal/sparql	bioportal	http://rdf.integbio.jp/dataset/bioportal/coid
https://rdfportal.org/bioportal/sparql	bioportal	http://rdf.integbio.jp/dataset/bioportal/cokpme
https://rdfportal.org/bioportal/sparql	bioportal	http://rdf.integbio.jp/dataset/bioportal/colao
https://rdfportal.org/bioportal/sparql	bioportal	http://rdf.integbio.jp/dataset/bioportal/contsonto
https://rdfportal.org/bioportal/sparql	bioportal	http://rdf.integbio.jp/dataset/bioportal/copdo
https://rdfportal.org/bioportal/sparql	bioportal	http://rdf.integbio.jp/dataset/bioportal/costart
https://rdfportal.org/bioportal/sparql	bioportal	http://rdf.integbio.jp/dataset/bioportal/covid-19
https://rdfportal.org/bioportal/sparql	bioportal	http://rdf.integbio.jp/dataset/bioportal/covid-19-ont-pm
https://rdfportal.org/bioportal/sparql	bioportal	http://rdf.integbio.jp/dataset/bioportal/covid19
https://rdfportal.org/bioportal/sparql	bioportal	http://rdf.integbio.jp/dataset/bioportal/covid19-ibo
https://rdfportal.org/bioportal/sparql	bioportal	http://rdf.integbio.jp/dataset/bioportal/covidcrfrapid
https://rdfportal.org/bioportal/sparql	bioportal	http://rdf.integbio.jp/dataset/bioportal/cpro
https://rdfportal.org/bioportal/sparql	bioportal	http://rdf.integbio.jp/dataset/bioportal/cptac
https://rdfportal.org/bioportal/sparql	bioportal	http://rdf.integbio.jp/dataset/bioportal/creno
https://rdfportal.org/bioportal/sparql	bioportal	http://rdf.integbio.jp/dataset/bioportal/crisp
https://rdfportal.org/bioportal/sparql	bioportal	http://rdf.integbio.jp/dataset/bioportal/cro
https://rdfportal.org/bioportal/sparql	bioportal	http://rdf.integbio.jp/dataset/bioportal/cryoem
https://rdfportal.org/bioportal/sparql	bioportal	http://rdf.integbio.jp/dataset/bioportal/csso
https://rdfportal.org/bioportal/sparql	bioportal	http://rdf.integbio.jp/dataset/bioportal/cstd
https://rdfportal.org/bioportal/sparql	bioportal	http://rdf.integbio.jp/dataset/bioportal/ctcae
https://rdfportal.org/bioportal/sparql	bioportal	http://rdf.integbio.jp/dataset/bioportal/cto
https://rdfportal.org/bioportal/sparql	bioportal	http://rdf.integbio.jp/dataset/bioportal/cto-ndd
https://rdfportal.org/bioportal/sparql	bioportal	http://rdf.integbio.jp/dataset/bioportal/ctont
https://rdfportal.org/bioportal/sparql	bioportal	http://rdf.integbio.jp/dataset/bioportal/ctu_beready_gem
https://rdfportal.org/bioportal/sparql	bioportal	http://rdf.integbio.jp/dataset/bioportal/ctx
https://rdfportal.org/bioportal/sparql	bioportal	http://rdf.integbio.jp/dataset/bioportal/cwd
https://rdfportal.org/bioportal/sparql	bioportal	http://rdf.integbio.jp/dataset/bioportal/datacite
https://rdfportal.org/bioportal/sparql	bioportal	http://rdf.integbio.jp/dataset/bioportal/datacite-vocab
https://rdfportal.org/bioportal/sparql	bioportal	http://rdf.integbio.jp/dataset/bioportal/dcat
https://rdfportal.org/bioportal/sparql	bioportal	http://rdf.integbio.jp/dataset/bioportal/dcat-fdc
https://rdfportal.org/bioportal/sparql	bioportal	http://rdf.integbio.jp/dataset/bioportal/dccdfv
https://rdfportal.org/bioportal/sparql	bioportal	http://rdf.integbio.jp/dataset/bioportal/dcm
https://rdfportal.org/bioportal/sparql	bioportal	http://rdf.integbio.jp/dataset/bioportal/dco
https://rdfportal.org/bioportal/sparql	bioportal	http://rdf.integbio.jp/dataset/bioportal/dct
https://rdfportal.org/bioportal/sparql	bioportal	http://rdf.integbio.jp/dataset/bioportal/ddanat
https://rdfportal.org/bioportal/sparql	bioportal	http://rdf.integbio.jp/dataset/bioportal/ddi
https://rdfportal.org/bioportal/sparql	bioportal	http://rdf.integbio.jp/dataset/bioportal/ddiem
https://rdfportal.org/bioportal/sparql	bioportal	http://rdf.integbio.jp/dataset/bioportal/ddpheno
https://rdfportal.org/bioportal/sparql	bioportal	http://rdf.integbio.jp/dataset/bioportal/deb
https://rdfportal.org/bioportal/sparql	bioportal	http://rdf.integbio.jp/dataset/bioportal/decide
https://rdfportal.org/bioportal/sparql	bioportal	http://rdf.integbio.jp/dataset/bioportal/dermlex
https://rdfportal.org/bioportal/sparql	bioportal	http://rdf.integbio.jp/dataset/bioportal/dermo
https://rdfportal.org/bioportal/sparql	bioportal	http://rdf.integbio.jp/dataset/bioportal/dfo
https://rdfportal.org/bioportal/sparql	bioportal	http://rdf.integbio.jp/dataset/bioportal/diagont
https://rdfportal.org/bioportal/sparql	bioportal	http://rdf.integbio.jp/dataset/bioportal/dikb
https://rdfportal.org/bioportal/sparql	bioportal	http://rdf.integbio.jp/dataset/bioportal/dilon
https://rdfportal.org/bioportal/sparql	bioportal	http://rdf.integbio.jp/dataset/bioportal/dinto
https://rdfportal.org/bioportal/sparql	bioportal	http://rdf.integbio.jp/dataset/bioportal/disdriv
https://rdfportal.org/bioportal/sparql	bioportal	http://rdf.integbio.jp/dataset/bioportal/dloro
https://rdfportal.org/bioportal/sparql	bioportal	http://rdf.integbio.jp/dataset/bioportal/dmdsont
https://rdfportal.org/bioportal/sparql	bioportal	http://rdf.integbio.jp/dataset/bioportal/doid
https://rdfportal.org/bioportal/sparql	bioportal	http://rdf.integbio.jp/dataset/bioportal/doremus-keys
https://rdfportal.org/bioportal/sparql	bioportal	http://rdf.integbio.jp/dataset/bioportal/dpco
https://rdfportal.org/bioportal/sparql	bioportal	http://rdf.integbio.jp/dataset/bioportal/dpo
https://rdfportal.org/bioportal/sparql	bioportal	http://rdf.integbio.jp/dataset/bioportal/dranpto
https://rdfportal.org/bioportal/sparql	bioportal	http://rdf.integbio.jp/dataset/bioportal/dreamdnpto
https://rdfportal.org/bioportal/sparql	bioportal	http://rdf.integbio.jp/dataset/bioportal/dron
https://rdfportal.org/bioportal/sparql	bioportal	http://rdf.integbio.jp/dataset/bioportal/drpsnpto
https://rdfportal.org/bioportal/sparql	bioportal	http://rdf.integbio.jp/dataset/bioportal/dseo
https://rdfportal.org/bioportal/sparql	bioportal	http://rdf.integbio.jp/dataset/bioportal/dto
https://rdfportal.org/bioportal/sparql	bioportal	http://rdf.integbio.jp/dataset/bioportal/e-ppo
https://rdfportal.org/bioportal/sparql	bioportal	http://rdf.integbio.jp/dataset/bioportal/ebp
https://rdfportal.org/bioportal/sparql	bioportal	http://rdf.integbio.jp/dataset/bioportal/ecao
https://rdfportal.org/bioportal/sparql	bioportal	http://rdf.integbio.jp/dataset/bioportal/ecg
https://rdfportal.org/bioportal/sparql	bioportal	http://rdf.integbio.jp/dataset/bioportal/ecm4m-md-vocabs
https://rdfportal.org/bioportal/sparql	bioportal	http://rdf.integbio.jp/dataset/bioportal/eco
https://rdfportal.org/bioportal/sparql	bioportal	http://rdf.integbio.jp/dataset/bioportal/ecocore
https://rdfportal.org/bioportal/sparql	bioportal	http://rdf.integbio.jp/dataset/bioportal/ecso
https://rdfportal.org/bioportal/sparql	bioportal	http://rdf.integbio.jp/dataset/bioportal/ecto
https://rdfportal.org/bioportal/sparql	bioportal	http://rdf.integbio.jp/dataset/bioportal/edam
https://rdfportal.org/bioportal/sparql	bioportal	http://rdf.integbio.jp/dataset/bioportal/edam-bioimaging
https://rdfportal.org/bioportal/sparql	bioportal	http://rdf.integbio.jp/dataset/bioportal/edda
https://rdfportal.org/bioportal/sparql	bioportal	http://rdf.integbio.jp/dataset/bioportal/efo
https://rdfportal.org/bioportal/sparql	bioportal	http://rdf.integbio.jp/dataset/bioportal/ego
https://rdfportal.org/bioportal/sparql	bioportal	http://rdf.integbio.jp/dataset/bioportal/ehda
https://rdfportal.org/bioportal/sparql	bioportal	http://rdf.integbio.jp/dataset/bioportal/ehdaa
https://rdfportal.org/bioportal/sparql	bioportal	http://rdf.integbio.jp/dataset/bioportal/ehdaa2
https://rdfportal.org/bioportal/sparql	bioportal	http://rdf.integbio.jp/dataset/bioportal/eld
https://rdfportal.org/bioportal/sparql	bioportal	http://rdf.integbio.jp/dataset/bioportal/electrica
https://rdfportal.org/bioportal/sparql	bioportal	http://rdf.integbio.jp/dataset/bioportal/elig
https://rdfportal.org/bioportal/sparql	bioportal	http://rdf.integbio.jp/dataset/bioportal/elter_cl
https://rdfportal.org/bioportal/sparql	bioportal	http://rdf.integbio.jp/dataset/bioportal/emap
https://rdfportal.org/bioportal/sparql	bioportal	http://rdf.integbio.jp/dataset/bioportal/emif-ad
https://rdfportal.org/bioportal/sparql	bioportal	http://rdf.integbio.jp/dataset/bioportal/enm
https://rdfportal.org/bioportal/sparql	bioportal	http://rdf.integbio.jp/dataset/bioportal/envo
https://rdfportal.org/bioportal/sparql	bioportal	http://rdf.integbio.jp/dataset/bioportal/envs_variables
https://rdfportal.org/bioportal/sparql	bioportal	http://rdf.integbio.jp/dataset/bioportal/envthes
https://rdfportal.org/bioportal/sparql	bioportal	http://rdf.integbio.jp/dataset/bioportal/eo1
https://rdfportal.org/bioportal/sparql	bioportal	http://rdf.integbio.jp/dataset/bioportal/ep
https://rdfportal.org/bioportal/sparql	bioportal	http://rdf.integbio.jp/dataset/bioportal/epie
https://rdfportal.org/bioportal/sparql	bioportal	http://rdf.integbio.jp/dataset/bioportal/epilont
https://rdfportal.org/bioportal/sparql	bioportal	http://rdf.integbio.jp/dataset/bioportal/epio
https://rdfportal.org/bioportal/sparql	bioportal	http://rdf.integbio.jp/dataset/bioportal/epip
https://rdfportal.org/bioportal/sparql	bioportal	http://rdf.integbio.jp/dataset/bioportal/episem
https://rdfportal.org/bioportal/sparql	bioportal	http://rdf.integbio.jp/dataset/bioportal/epso
https://rdfportal.org/bioportal/sparql	bioportal	http://rdf.integbio.jp/dataset/bioportal/ero
https://rdfportal.org/bioportal/sparql	bioportal	http://rdf.integbio.jp/dataset/bioportal/etanc
https://rdfportal.org/bioportal/sparql	bioportal	http://rdf.integbio.jp/dataset/bioportal/ethanc
https://rdfportal.org/bioportal/sparql	bioportal	http://rdf.integbio.jp/dataset/bioportal/ethopd
https://rdfportal.org/bioportal/sparql	bioportal	http://rdf.integbio.jp/dataset/bioportal/eupath
https://rdfportal.org/bioportal/sparql	bioportal	http://rdf.integbio.jp/dataset/bioportal/exmo
https://rdfportal.org/bioportal/sparql	bioportal	http://rdf.integbio.jp/dataset/bioportal/exo
https://rdfportal.org/bioportal/sparql	bioportal	http://rdf.integbio.jp/dataset/bioportal/exon
https://rdfportal.org/bioportal/sparql	bioportal	http://rdf.integbio.jp/dataset/bioportal/extract
https://rdfportal.org/bioportal/sparql	bioportal	http://rdf.integbio.jp/dataset/bioportal/falls
https://rdfportal.org/bioportal/sparql	bioportal	http://rdf.integbio.jp/dataset/bioportal/fao
https://rdfportal.org/bioportal/sparql	bioportal	http://rdf.integbio.jp/dataset/bioportal/fast-chrono
https://rdfportal.org/bioportal/sparql	bioportal	http://rdf.integbio.jp/dataset/bioportal/fast-genreform
https://rdfportal.org/bioportal/sparql	bioportal	http://rdf.integbio.jp/dataset/bioportal/fb-bt
https://rdfportal.org/bioportal/sparql	bioportal	http://rdf.integbio.jp/dataset/bioportal/fb-cv
https://rdfportal.org/bioportal/sparql	bioportal	http://rdf.integbio.jp/dataset/bioportal/fb-dv
https://rdfportal.org/bioportal/sparql	bioportal	http://rdf.integbio.jp/dataset/bioportal/fb-sp
https://rdfportal.org/bioportal/sparql	bioportal	http://rdf.integbio.jp/dataset/bioportal/fbbi
https://rdfportal.org/bioportal/sparql	bioportal	http://rdf.integbio.jp/dataset/bioportal/fcc1
https://rdfportal.org/bioportal/sparql	bioportal	http://rdf.integbio.jp/dataset/bioportal/fdc-gdmt
https://rdfportal.org/bioportal/sparql	bioportal	http://rdf.integbio.jp/dataset/bioportal/fdt-o
https://rdfportal.org/bioportal/sparql	bioportal	http://rdf.integbio.jp/dataset/bioportal/fenics
https://rdfportal.org/bioportal/sparql	bioportal	http://rdf.integbio.jp/dataset/bioportal/fg
https://rdfportal.org/bioportal/sparql	bioportal	http://rdf.integbio.jp/dataset/bioportal/fgnhns
https://rdfportal.org/bioportal/sparql	bioportal	http://rdf.integbio.jp/dataset/bioportal/fhho
https://rdfportal.org/bioportal/sparql	bioportal	http://rdf.integbio.jp/dataset/bioportal/fideo
https://rdfportal.org/bioportal/sparql	bioportal	http://rdf.integbio.jp/dataset/bioportal/fix
https://rdfportal.org/bioportal/sparql	bioportal	http://rdf.integbio.jp/dataset/bioportal/flu
https://rdfportal.org/bioportal/sparql	bioportal	http://rdf.integbio.jp/dataset/bioportal/fma
https://rdfportal.org/bioportal/sparql	bioportal	http://rdf.integbio.jp/dataset/bioportal/fmpm
https://rdfportal.org/bioportal/sparql	bioportal	http://rdf.integbio.jp/dataset/bioportal/fns-h
https://rdfportal.org/bioportal/sparql	bioportal	http://rdf.integbio.jp/dataset/bioportal/foaf
https://rdfportal.org/bioportal/sparql	bioportal	http://rdf.integbio.jp/dataset/bioportal/fobi
https://rdfportal.org/bioportal/sparql	bioportal	http://rdf.integbio.jp/dataset/bioportal/foo
https://rdfportal.org/bioportal/sparql	bioportal	http://rdf.integbio.jp/dataset/bioportal/foodon
https://rdfportal.org/bioportal/sparql	bioportal	http://rdf.integbio.jp/dataset/bioportal/fovt
https://rdfportal.org/bioportal/sparql	bioportal	http://rdf.integbio.jp/dataset/bioportal/fplx
https://rdfportal.org/bioportal/sparql	bioportal	http://rdf.integbio.jp/dataset/bioportal/frmo
https://rdfportal.org/bioportal/sparql	bioportal	http://rdf.integbio.jp/dataset/bioportal/fypo
https://rdfportal.org/bioportal/sparql	bioportal	http://rdf.integbio.jp/dataset/bioportal/g-prov
https://rdfportal.org/bioportal/sparql	bioportal	http://rdf.integbio.jp/dataset/bioportal/galen
https://rdfportal.org/bioportal/sparql	bioportal	http://rdf.integbio.jp/dataset/bioportal/gamuts
https://rdfportal.org/bioportal/sparql	bioportal	http://rdf.integbio.jp/dataset/bioportal/gaz
https://rdfportal.org/bioportal/sparql	bioportal	http://rdf.integbio.jp/dataset/bioportal/gbol
https://rdfportal.org/bioportal/sparql	bioportal	http://rdf.integbio.jp/dataset/bioportal/gco
https://rdfportal.org/bioportal/sparql	bioportal	http://rdf.integbio.jp/dataset/bioportal/gecko
https://rdfportal.org/bioportal/sparql	bioportal	http://rdf.integbio.jp/dataset/bioportal/gender
https://rdfportal.org/bioportal/sparql	bioportal	http://rdf.integbio.jp/dataset/bioportal/gene-cds
https://rdfportal.org/bioportal/sparql	bioportal	http://rdf.integbio.jp/dataset/bioportal/geo
https://rdfportal.org/bioportal/sparql	bioportal	http://rdf.integbio.jp/dataset/bioportal/geosparql
https://rdfportal.org/bioportal/sparql	bioportal	http://rdf.integbio.jp/dataset/bioportal/geospecies
https://rdfportal.org/bioportal/sparql	bioportal	http://rdf.integbio.jp/dataset/bioportal/gff-m4m
https://rdfportal.org/bioportal/sparql	bioportal	http://rdf.integbio.jp/dataset/bioportal/gffo
https://rdfportal.org/bioportal/sparql	bioportal	http://rdf.integbio.jp/dataset/bioportal/gfo
https://rdfportal.org/bioportal/sparql	bioportal	http://rdf.integbio.jp/dataset/bioportal/gfo-bio
https://rdfportal.org/bioportal/sparql	bioportal	http://rdf.integbio.jp/dataset/bioportal/glyco
https://rdfportal.org/bioportal/sparql	bioportal	http://rdf.integbio.jp/dataset/bioportal/glycocoo
https://rdfportal.org/bioportal/sparql	bioportal	http://rdf.integbio.jp/dataset/bioportal/glycordf
https://rdfportal.org/bioportal/sparql	bioportal	http://rdf.integbio.jp/dataset/bioportal/gmo
https://rdfportal.org/bioportal/sparql	bioportal	http://rdf.integbio.jp/dataset/bioportal/gno
https://rdfportal.org/bioportal/sparql	bioportal	http://rdf.integbio.jp/dataset/bioportal/go
https://rdfportal.org/bioportal/sparql	bioportal	http://rdf.integbio.jp/dataset/bioportal/go-ext
https://rdfportal.org/bioportal/sparql	bioportal	http://rdf.integbio.jp/dataset/bioportal/go-plus
https://rdfportal.org/bioportal/sparql	bioportal	http://rdf.integbio.jp/dataset/bioportal/gro
https://rdfportal.org/bioportal/sparql	bioportal	http://rdf.integbio.jp/dataset/bioportal/gro-cpd
https://rdfportal.org/bioportal/sparql	bioportal	http://rdf.integbio.jp/dataset/bioportal/gro-cpga
https://rdfportal.org/bioportal/sparql	bioportal	http://rdf.integbio.jp/dataset/bioportal/gsso
https://rdfportal.org/bioportal/sparql	bioportal	http://rdf.integbio.jp/dataset/bioportal/gvo
https://rdfportal.org/bioportal/sparql	bioportal	http://rdf.integbio.jp/dataset/bioportal/hamidehsgh
https://rdfportal.org/bioportal/sparql	bioportal	http://rdf.integbio.jp/dataset/bioportal/hancestro
https://rdfportal.org/bioportal/sparql	bioportal	http://rdf.integbio.jp/dataset/bioportal/hao
https://rdfportal.org/bioportal/sparql	bioportal	http://rdf.integbio.jp/dataset/bioportal/hasco
https://rdfportal.org/bioportal/sparql	bioportal	http://rdf.integbio.jp/dataset/bioportal/hcdr
https://rdfportal.org/bioportal/sparql	bioportal	http://rdf.integbio.jp/dataset/bioportal/hcpcs
https://rdfportal.org/bioportal/sparql	bioportal	http://rdf.integbio.jp/dataset/bioportal/hdmponto
https://rdfportal.org/bioportal/sparql	bioportal	http://rdf.integbio.jp/dataset/bioportal/hecon
https://rdfportal.org/bioportal/sparql	bioportal	http://rdf.integbio.jp/dataset/bioportal/helifit
https://rdfportal.org/bioportal/sparql	bioportal	http://rdf.integbio.jp/dataset/bioportal/henecon
https://rdfportal.org/bioportal/sparql	bioportal	http://rdf.integbio.jp/dataset/bioportal/hgnc
https://rdfportal.org/bioportal/sparql	bioportal	http://rdf.integbio.jp/dataset/bioportal/hgnc-nr
https://rdfportal.org/bioportal/sparql	bioportal	http://rdf.integbio.jp/dataset/bioportal/hhear
https://rdfportal.org/bioportal/sparql	bioportal	http://rdf.integbio.jp/dataset/bioportal/hhearp
https://rdfportal.org/bioportal/sparql	bioportal	http://rdf.integbio.jp/dataset/bioportal/hhearvs
https://rdfportal.org/bioportal/sparql	bioportal	http://rdf.integbio.jp/dataset/bioportal/hino
https://rdfportal.org/bioportal/sparql	bioportal	http://rdf.integbio.jp/dataset/bioportal/hio
https://rdfportal.org/bioportal/sparql	bioportal	http://rdf.integbio.jp/dataset/bioportal/hivmt
https://rdfportal.org/bioportal/sparql	bioportal	http://rdf.integbio.jp/dataset/bioportal/hivo004
https://rdfportal.org/bioportal/sparql	bioportal	http://rdf.integbio.jp/dataset/bioportal/hl7
https://rdfportal.org/bioportal/sparql	bioportal	http://rdf.integbio.jp/dataset/bioportal/hmis033b
https://rdfportal.org/bioportal/sparql	bioportal	http://rdf.integbio.jp/dataset/bioportal/hmislab0115
https://rdfportal.org/bioportal/sparql	bioportal	http://rdf.integbio.jp/dataset/bioportal/hns
https://rdfportal.org/bioportal/sparql	bioportal	http://rdf.integbio.jp/dataset/bioportal/hoip
https://rdfportal.org/bioportal/sparql	bioportal	http://rdf.integbio.jp/dataset/bioportal/hom
https://rdfportal.org/bioportal/sparql	bioportal	http://rdf.integbio.jp/dataset/bioportal/home
https://rdfportal.org/bioportal/sparql	bioportal	http://rdf.integbio.jp/dataset/bioportal/hoom
https://rdfportal.org/bioportal/sparql	bioportal	http://rdf.integbio.jp/dataset/bioportal/hord
https://rdfportal.org/bioportal/sparql	bioportal	http://rdf.integbio.jp/dataset/bioportal/hp
https://rdfportal.org/bioportal/sparql	bioportal	http://rdf.integbio.jp/dataset/bioportal/hp_o
https://rdfportal.org/bioportal/sparql	bioportal	http://rdf.integbio.jp/dataset/bioportal/hpio
https://rdfportal.org/bioportal/sparql	bioportal	http://rdf.integbio.jp/dataset/bioportal/hravs
https://rdfportal.org/bioportal/sparql	bioportal	http://rdf.integbio.jp/dataset/bioportal/hso
https://rdfportal.org/bioportal/sparql	bioportal	http://rdf.integbio.jp/dataset/bioportal/htn
https://rdfportal.org/bioportal/sparql	bioportal	http://rdf.integbio.jp/dataset/bioportal/hto
https://rdfportal.org/bioportal/sparql	bioportal	http://rdf.integbio.jp/dataset/bioportal/i-adopt
https://rdfportal.org/bioportal/sparql	bioportal	http://rdf.integbio.jp/dataset/bioportal/i2sv
https://rdfportal.org/bioportal/sparql	bioportal	http://rdf.integbio.jp/dataset/bioportal/iao
https://rdfportal.org/bioportal/sparql	bioportal	http://rdf.integbio.jp/dataset/bioportal/ibd
https://rdfportal.org/bioportal/sparql	bioportal	http://rdf.integbio.jp/dataset/bioportal/ibio
https://rdfportal.org/bioportal/sparql	bioportal	http://rdf.integbio.jp/dataset/bioportal/ibo
https://rdfportal.org/bioportal/sparql	bioportal	http://rdf.integbio.jp/dataset/bioportal/icd10cm
https://rdfportal.org/bioportal/sparql	bioportal	http://rdf.integbio.jp/dataset/bioportal/icd10pcs
https://rdfportal.org/bioportal/sparql	bioportal	http://rdf.integbio.jp/dataset/bioportal/icd11-bodysystem
https://rdfportal.org/bioportal/sparql	bioportal	http://rdf.integbio.jp/dataset/bioportal/icd9cm
https://rdfportal.org/bioportal/sparql	bioportal	http://rdf.integbio.jp/dataset/bioportal/icdo
https://rdfportal.org/bioportal/sparql	bioportal	http://rdf.integbio.jp/dataset/bioportal/iceci
https://rdfportal.org/bioportal/sparql	bioportal	http://rdf.integbio.jp/dataset/bioportal/iceo
https://rdfportal.org/bioportal/sparql	bioportal	http://rdf.integbio.jp/dataset/bioportal/icf
https://rdfportal.org/bioportal/sparql	bioportal	http://rdf.integbio.jp/dataset/bioportal/ico
https://rdfportal.org/bioportal/sparql	bioportal	http://rdf.integbio.jp/dataset/bioportal/icps
https://rdfportal.org/bioportal/sparql	bioportal	http://rdf.integbio.jp/dataset/bioportal/id-amr
https://rdfportal.org/bioportal/sparql	bioportal	http://rdf.integbio.jp/dataset/bioportal/idem
https://rdfportal.org/bioportal/sparql	bioportal	http://rdf.integbio.jp/dataset/bioportal/idg_gl
https://rdfportal.org/bioportal/sparql	bioportal	http://rdf.integbio.jp/dataset/bioportal/ido
https://rdfportal.org/bioportal/sparql	bioportal	http://rdf.integbio.jp/dataset/bioportal/ido-covid-19
https://rdfportal.org/bioportal/sparql	bioportal	http://rdf.integbio.jp/dataset/bioportal/idobru
https://rdfportal.org/bioportal/sparql	bioportal	http://rdf.integbio.jp/dataset/bioportal/idoden
https://rdfportal.org/bioportal/sparql	bioportal	http://rdf.integbio.jp/dataset/bioportal/idomal
https://rdfportal.org/bioportal/sparql	bioportal	http://rdf.integbio.jp/dataset/bioportal/idqa
https://rdfportal.org/bioportal/sparql	bioportal	http://rdf.integbio.jp/dataset/bioportal/ifar
https://rdfportal.org/bioportal/sparql	bioportal	http://rdf.integbio.jp/dataset/bioportal/illnessinjury
https://rdfportal.org/bioportal/sparql	bioportal	http://rdf.integbio.jp/dataset/bioportal/imgt-ontology
https://rdfportal.org/bioportal/sparql	bioportal	http://rdf.integbio.jp/dataset/bioportal/inbancido
https://rdfportal.org/bioportal/sparql	bioportal	http://rdf.integbio.jp/dataset/bioportal/inbio
https://rdfportal.org/bioportal/sparql	bioportal	http://rdf.integbio.jp/dataset/bioportal/inbiodiv
https://rdfportal.org/bioportal/sparql	bioportal	http://rdf.integbio.jp/dataset/bioportal/incentive
https://rdfportal.org/bioportal/sparql	bioportal	http://rdf.integbio.jp/dataset/bioportal/incentive-vars
https://rdfportal.org/bioportal/sparql	bioportal	http://rdf.integbio.jp/dataset/bioportal/infection_trans
https://rdfportal.org/bioportal/sparql	bioportal	http://rdf.integbio.jp/dataset/bioportal/infrarisk
https://rdfportal.org/bioportal/sparql	bioportal	http://rdf.integbio.jp/dataset/bioportal/injurytypes
https://rdfportal.org/bioportal/sparql	bioportal	http://rdf.integbio.jp/dataset/bioportal/ino
https://rdfportal.org/bioportal/sparql	bioportal	http://rdf.integbio.jp/dataset/bioportal/insname
https://rdfportal.org/bioportal/sparql	bioportal	http://rdf.integbio.jp/dataset/bioportal/into
https://rdfportal.org/bioportal/sparql	bioportal	http://rdf.integbio.jp/dataset/bioportal/intveetype
https://rdfportal.org/bioportal/sparql	bioportal	http://rdf.integbio.jp/dataset/bioportal/intvmode
https://rdfportal.org/bioportal/sparql	bioportal	http://rdf.integbio.jp/dataset/bioportal/iobc
https://rdfportal.org/bioportal/sparql	bioportal	http://rdf.integbio.jp/dataset/bioportal/ipd
https://rdfportal.org/bioportal/sparql	bioportal	http://rdf.integbio.jp/dataset/bioportal/ird
https://rdfportal.org/bioportal/sparql	bioportal	http://rdf.integbio.jp/dataset/bioportal/irdg
https://rdfportal.org/bioportal/sparql	bioportal	http://rdf.integbio.jp/dataset/bioportal/iso-food
https://rdfportal.org/bioportal/sparql	bioportal	http://rdf.integbio.jp/dataset/bioportal/iso19110
https://rdfportal.org/bioportal/sparql	bioportal	http://rdf.integbio.jp/dataset/bioportal/iso19115
https://rdfportal.org/bioportal/sparql	bioportal	http://rdf.integbio.jp/dataset/bioportal/iso19115cc
https://rdfportal.org/bioportal/sparql	bioportal	http://rdf.integbio.jp/dataset/bioportal/iso19115ci
https://rdfportal.org/bioportal/sparql	bioportal	http://rdf.integbio.jp/dataset/bioportal/iso19115con
https://rdfportal.org/bioportal/sparql	bioportal	http://rdf.integbio.jp/dataset/bioportal/iso19115di
https://rdfportal.org/bioportal/sparql	bioportal	http://rdf.integbio.jp/dataset/bioportal/iso19115ex
https://rdfportal.org/bioportal/sparql	bioportal	http://rdf.integbio.jp/dataset/bioportal/iso19115id
https://rdfportal.org/bioportal/sparql	bioportal	http://rdf.integbio.jp/dataset/bioportal/iso19115mi
https://rdfportal.org/bioportal/sparql	bioportal	http://rdf.integbio.jp/dataset/bioportal/iso19115pr
https://rdfportal.org/bioportal/sparql	bioportal	http://rdf.integbio.jp/dataset/bioportal/iso19115roles
https://rdfportal.org/bioportal/sparql	bioportal	http://rdf.integbio.jp/dataset/bioportal/iso19115srs
https://rdfportal.org/bioportal/sparql	bioportal	http://rdf.integbio.jp/dataset/bioportal/iso19115tcc
https://rdfportal.org/bioportal/sparql	bioportal	http://rdf.integbio.jp/dataset/bioportal/iso639-2
https://rdfportal.org/bioportal/sparql	bioportal	http://rdf.integbio.jp/dataset/bioportal/ispo
https://rdfportal.org/bioportal/sparql	bioportal	http://rdf.integbio.jp/dataset/bioportal/issva
https://rdfportal.org/bioportal/sparql	bioportal	http://rdf.integbio.jp/dataset/bioportal/itemas
https://rdfportal.org/bioportal/sparql	bioportal	http://rdf.integbio.jp/dataset/bioportal/ito
https://rdfportal.org/bioportal/sparql	bioportal	http://rdf.integbio.jp/dataset/bioportal/ixno
https://rdfportal.org/bioportal/sparql	bioportal	http://rdf.integbio.jp/dataset/bioportal/jerm
https://rdfportal.org/bioportal/sparql	bioportal	http://rdf.integbio.jp/dataset/bioportal/kenyaanc
https://rdfportal.org/bioportal/sparql	bioportal	http://rdf.integbio.jp/dataset/bioportal/kgcl
https://rdfportal.org/bioportal/sparql	bioportal	http://rdf.integbio.jp/dataset/bioportal/kisao
https://rdfportal.org/bioportal/sparql	bioportal	http://rdf.integbio.jp/dataset/bioportal/koro
https://rdfportal.org/bioportal/sparql	bioportal	http://rdf.integbio.jp/dataset/bioportal/ktao
https://rdfportal.org/bioportal/sparql	bioportal	http://rdf.integbio.jp/dataset/bioportal/labo
https://rdfportal.org/bioportal/sparql	bioportal	http://rdf.integbio.jp/dataset/bioportal/land-surface
https://rdfportal.org/bioportal/sparql	bioportal	http://rdf.integbio.jp/dataset/bioportal/landform
https://rdfportal.org/bioportal/sparql	bioportal	http://rdf.integbio.jp/dataset/bioportal/lbo
https://rdfportal.org/bioportal/sparql	bioportal	http://rdf.integbio.jp/dataset/bioportal/lc-carriers
https://rdfportal.org/bioportal/sparql	bioportal	http://rdf.integbio.jp/dataset/bioportal/lc-media
https://rdfportal.org/bioportal/sparql	bioportal	http://rdf.integbio.jp/dataset/bioportal/lcdgt
https://rdfportal.org/bioportal/sparql	bioportal	http://rdf.integbio.jp/dataset/bioportal/lda
https://rdfportal.org/bioportal/sparql	bioportal	http://rdf.integbio.jp/dataset/bioportal/lepao
https://rdfportal.org/bioportal/sparql	bioportal	http://rdf.integbio.jp/dataset/bioportal/lhn
https://rdfportal.org/bioportal/sparql	bioportal	http://rdf.integbio.jp/dataset/bioportal/lico
https://rdfportal.org/bioportal/sparql	bioportal	http://rdf.integbio.jp/dataset/bioportal/lifo
https://rdfportal.org/bioportal/sparql	bioportal	http://rdf.integbio.jp/dataset/bioportal/lion
https://rdfportal.org/bioportal/sparql	bioportal	http://rdf.integbio.jp/dataset/bioportal/lipro
https://rdfportal.org/bioportal/sparql	bioportal	http://rdf.integbio.jp/dataset/bioportal/loinc
https://rdfportal.org/bioportal/sparql	bioportal	http://rdf.integbio.jp/dataset/bioportal/longcovid
https://rdfportal.org/bioportal/sparql	bioportal	http://rdf.integbio.jp/dataset/bioportal/lpt
https://rdfportal.org/bioportal/sparql	bioportal	http://rdf.integbio.jp/dataset/bioportal/lungmap-human
https://rdfportal.org/bioportal/sparql	bioportal	http://rdf.integbio.jp/dataset/bioportal/lungmap-mouse
https://rdfportal.org/bioportal/sparql	bioportal	http://rdf.integbio.jp/dataset/bioportal/lungmap_h_cell
https://rdfportal.org/bioportal/sparql	bioportal	http://rdf.integbio.jp/dataset/bioportal/lungmap_m_cell
https://rdfportal.org/bioportal/sparql	bioportal	http://rdf.integbio.jp/dataset/bioportal/m4m-20-subjects
https://rdfportal.org/bioportal/sparql	bioportal	http://rdf.integbio.jp/dataset/bioportal/m4m-20-variables
https://rdfportal.org/bioportal/sparql	bioportal	http://rdf.integbio.jp/dataset/bioportal/m4m-21-subjects
https://rdfportal.org/bioportal/sparql	bioportal	http://rdf.integbio.jp/dataset/bioportal/m4m-21-variables
https://rdfportal.org/bioportal/sparql	bioportal	http://rdf.integbio.jp/dataset/bioportal/m4m19-subs
https://rdfportal.org/bioportal/sparql	bioportal	http://rdf.integbio.jp/dataset/bioportal/m4m19-vars
https://rdfportal.org/bioportal/sparql	bioportal	http://rdf.integbio.jp/dataset/bioportal/ma
https://rdfportal.org/bioportal/sparql	bioportal	http://rdf.integbio.jp/dataset/bioportal/macroalgaetraits
https://rdfportal.org/bioportal/sparql	bioportal	http://rdf.integbio.jp/dataset/bioportal/mads-rdf
https://rdfportal.org/bioportal/sparql	bioportal	http://rdf.integbio.jp/dataset/bioportal/mamo
https://rdfportal.org/bioportal/sparql	bioportal	http://rdf.integbio.jp/dataset/bioportal/marc-languages
https://rdfportal.org/bioportal/sparql	bioportal	http://rdf.integbio.jp/dataset/bioportal/marc-relators
https://rdfportal.org/bioportal/sparql	bioportal	http://rdf.integbio.jp/dataset/bioportal/mat
https://rdfportal.org/bioportal/sparql	bioportal	http://rdf.integbio.jp/dataset/bioportal/maxo
https://rdfportal.org/bioportal/sparql	bioportal	http://rdf.integbio.jp/dataset/bioportal/mcbcc
https://rdfportal.org/bioportal/sparql	bioportal	http://rdf.integbio.jp/dataset/bioportal/mccl
https://rdfportal.org/bioportal/sparql	bioportal	http://rdf.integbio.jp/dataset/bioportal/mccv
https://rdfportal.org/bioportal/sparql	bioportal	http://rdf.integbio.jp/dataset/bioportal/mchvodanaterms
https://rdfportal.org/bioportal/sparql	bioportal	http://rdf.integbio.jp/dataset/bioportal/mco
https://rdfportal.org/bioportal/sparql	bioportal	http://rdf.integbio.jp/dataset/bioportal/mdm
https://rdfportal.org/bioportal/sparql	bioportal	http://rdf.integbio.jp/dataset/bioportal/medlineplus
https://rdfportal.org/bioportal/sparql	bioportal	http://rdf.integbio.jp/dataset/bioportal/medo
https://rdfportal.org/bioportal/sparql	bioportal	http://rdf.integbio.jp/dataset/bioportal/mego
https://rdfportal.org/bioportal/sparql	bioportal	http://rdf.integbio.jp/dataset/bioportal/melo
https://rdfportal.org/bioportal/sparql	bioportal	http://rdf.integbio.jp/dataset/bioportal/meo
https://rdfportal.org/bioportal/sparql	bioportal	http://rdf.integbio.jp/dataset/bioportal/mepo
https://rdfportal.org/bioportal/sparql	bioportal	http://rdf.integbio.jp/dataset/bioportal/mesh
https://rdfportal.org/bioportal/sparql	bioportal	http://rdf.integbio.jp/dataset/bioportal/mf
https://rdfportal.org/bioportal/sparql	bioportal	http://rdf.integbio.jp/dataset/bioportal/mfo
https://rdfportal.org/bioportal/sparql	bioportal	http://rdf.integbio.jp/dataset/bioportal/mfoem
https://rdfportal.org/bioportal/sparql	bioportal	http://rdf.integbio.jp/dataset/bioportal/mgbd
https://rdfportal.org/bioportal/sparql	bioportal	http://rdf.integbio.jp/dataset/bioportal/mhc
https://rdfportal.org/bioportal/sparql	bioportal	http://rdf.integbio.jp/dataset/bioportal/mhmo
https://rdfportal.org/bioportal/sparql	bioportal	http://rdf.integbio.jp/dataset/bioportal/mi
https://rdfportal.org/bioportal/sparql	bioportal	http://rdf.integbio.jp/dataset/bioportal/mido
https://rdfportal.org/bioportal/sparql	bioportal	http://rdf.integbio.jp/dataset/bioportal/mio
https://rdfportal.org/bioportal/sparql	bioportal	http://rdf.integbio.jp/dataset/bioportal/miro
https://rdfportal.org/bioportal/sparql	bioportal	http://rdf.integbio.jp/dataset/bioportal/mixs
https://rdfportal.org/bioportal/sparql	bioportal	http://rdf.integbio.jp/dataset/bioportal/mixscv
https://rdfportal.org/bioportal/sparql	bioportal	http://rdf.integbio.jp/dataset/bioportal/mltx
https://rdfportal.org/bioportal/sparql	bioportal	http://rdf.integbio.jp/dataset/bioportal/mmo
https://rdfportal.org/bioportal/sparql	bioportal	http://rdf.integbio.jp/dataset/bioportal/mmusdv
https://rdfportal.org/bioportal/sparql	bioportal	http://rdf.integbio.jp/dataset/bioportal/mnv
https://rdfportal.org/bioportal/sparql	bioportal	http://rdf.integbio.jp/dataset/bioportal/mo
https://rdfportal.org/bioportal/sparql	bioportal	http://rdf.integbio.jp/dataset/bioportal/modsci
https://rdfportal.org/bioportal/sparql	bioportal	http://rdf.integbio.jp/dataset/bioportal/mondo
https://rdfportal.org/bioportal/sparql	bioportal	http://rdf.integbio.jp/dataset/bioportal/mono
https://rdfportal.org/bioportal/sparql	bioportal	http://rdf.integbio.jp/dataset/bioportal/mosaic
https://rdfportal.org/bioportal/sparql	bioportal	http://rdf.integbio.jp/dataset/bioportal/mp
https://rdfportal.org/bioportal/sparql	bioportal	http://rdf.integbio.jp/dataset/bioportal/mpath
https://rdfportal.org/bioportal/sparql	bioportal	http://rdf.integbio.jp/dataset/bioportal/mpio
https://rdfportal.org/bioportal/sparql	bioportal	http://rdf.integbio.jp/dataset/bioportal/mpo
https://rdfportal.org/bioportal/sparql	bioportal	http://rdf.integbio.jp/dataset/bioportal/ms
https://rdfportal.org/bioportal/sparql	bioportal	http://rdf.integbio.jp/dataset/bioportal/msr
https://rdfportal.org/bioportal/sparql	bioportal	http://rdf.integbio.jp/dataset/bioportal/mstde
https://rdfportal.org/bioportal/sparql	bioportal	http://rdf.integbio.jp/dataset/bioportal/mstde-fre
https://rdfportal.org/bioportal/sparql	bioportal	http://rdf.integbio.jp/dataset/bioportal/mvaont
https://rdfportal.org/bioportal/sparql	bioportal	http://rdf.integbio.jp/dataset/bioportal/mws22
https://rdfportal.org/bioportal/sparql	bioportal	http://rdf.integbio.jp/dataset/bioportal/n-cdoh
https://rdfportal.org/bioportal/sparql	bioportal	http://rdf.integbio.jp/dataset/bioportal/nando
https://rdfportal.org/bioportal/sparql	bioportal	http://rdf.integbio.jp/dataset/bioportal/natpro
https://rdfportal.org/bioportal/sparql	bioportal	http://rdf.integbio.jp/dataset/bioportal/nbo
https://rdfportal.org/bioportal/sparql	bioportal	http://rdf.integbio.jp/dataset/bioportal/ncbitaxon
https://rdfportal.org/bioportal/sparql	bioportal	http://rdf.integbio.jp/dataset/bioportal/ncit
https://rdfportal.org/bioportal/sparql	bioportal	http://rdf.integbio.jp/dataset/bioportal/nddo
https://rdfportal.org/bioportal/sparql	bioportal	http://rdf.integbio.jp/dataset/bioportal/neic-onto
https://rdfportal.org/bioportal/sparql	bioportal	http://rdf.integbio.jp/dataset/bioportal/neicbeer
https://rdfportal.org/bioportal/sparql	bioportal	http://rdf.integbio.jp/dataset/bioportal/nemo
https://rdfportal.org/bioportal/sparql	bioportal	http://rdf.integbio.jp/dataset/bioportal/neo
https://rdfportal.org/bioportal/sparql	bioportal	http://rdf.integbio.jp/dataset/bioportal/neomark3
https://rdfportal.org/bioportal/sparql	bioportal	http://rdf.integbio.jp/dataset/bioportal/neomark4
https://rdfportal.org/bioportal/sparql	bioportal	http://rdf.integbio.jp/dataset/bioportal/nero
https://rdfportal.org/bioportal/sparql	bioportal	http://rdf.integbio.jp/dataset/bioportal/neudigs
https://rdfportal.org/bioportal/sparql	bioportal	http://rdf.integbio.jp/dataset/bioportal/neumore
https://rdfportal.org/bioportal/sparql	bioportal	http://rdf.integbio.jp/dataset/bioportal/ngbo
https://rdfportal.org/bioportal/sparql	bioportal	http://rdf.integbio.jp/dataset/bioportal/nifcell
https://rdfportal.org/bioportal/sparql	bioportal	http://rdf.integbio.jp/dataset/bioportal/nifdys
https://rdfportal.org/bioportal/sparql	bioportal	http://rdf.integbio.jp/dataset/bioportal/nifstd
https://rdfportal.org/bioportal/sparql	bioportal	http://rdf.integbio.jp/dataset/bioportal/nifsubcell
https://rdfportal.org/bioportal/sparql	bioportal	http://rdf.integbio.jp/dataset/bioportal/nigo
https://rdfportal.org/bioportal/sparql	bioportal	http://rdf.integbio.jp/dataset/bioportal/nio
https://rdfportal.org/bioportal/sparql	bioportal	http://rdf.integbio.jp/dataset/bioportal/nist_gel
https://rdfportal.org/bioportal/sparql	bioportal	http://rdf.integbio.jp/dataset/bioportal/nln
https://rdfportal.org/bioportal/sparql	bioportal	http://rdf.integbio.jp/dataset/bioportal/nmdco
https://rdfportal.org/bioportal/sparql	bioportal	http://rdf.integbio.jp/dataset/bioportal/nmr
https://rdfportal.org/bioportal/sparql	bioportal	http://rdf.integbio.jp/dataset/bioportal/nomen
https://rdfportal.org/bioportal/sparql	bioportal	http://rdf.integbio.jp/dataset/bioportal/nonrcto
https://rdfportal.org/bioportal/sparql	bioportal	http://rdf.integbio.jp/dataset/bioportal/npi
https://rdfportal.org/bioportal/sparql	bioportal	http://rdf.integbio.jp/dataset/bioportal/npo
https://rdfportal.org/bioportal/sparql	bioportal	http://rdf.integbio.jp/dataset/bioportal/npokb
https://rdfportal.org/bioportal/sparql	bioportal	http://rdf.integbio.jp/dataset/bioportal/nro
https://rdfportal.org/bioportal/sparql	bioportal	http://rdf.integbio.jp/dataset/bioportal/nxdx
https://rdfportal.org/bioportal/sparql	bioportal	http://rdf.integbio.jp/dataset/bioportal/o-rextech
https://rdfportal.org/bioportal/sparql	bioportal	http://rdf.integbio.jp/dataset/bioportal/oae
https://rdfportal.org/bioportal/sparql	bioportal	http://rdf.integbio.jp/dataset/bioportal/obcs
https://rdfportal.org/bioportal/sparql	bioportal	http://rdf.integbio.jp/dataset/bioportal/obi
https://rdfportal.org/bioportal/sparql	bioportal	http://rdf.integbio.jp/dataset/bioportal/obi_bcgo
https://rdfportal.org/bioportal/sparql	bioportal	http://rdf.integbio.jp/dataset/bioportal/obi_iee
https://rdfportal.org/bioportal/sparql	bioportal	http://rdf.integbio.jp/dataset/bioportal/obiws
https://rdfportal.org/bioportal/sparql	bioportal	http://rdf.integbio.jp/dataset/bioportal/oboe
https://rdfportal.org/bioportal/sparql	bioportal	http://rdf.integbio.jp/dataset/bioportal/oboe-sbc
https://rdfportal.org/bioportal/sparql	bioportal	http://rdf.integbio.jp/dataset/bioportal/oborel
https://rdfportal.org/bioportal/sparql	bioportal	http://rdf.integbio.jp/dataset/bioportal/obs
https://rdfportal.org/bioportal/sparql	bioportal	http://rdf.integbio.jp/dataset/bioportal/occo
https://rdfportal.org/bioportal/sparql	bioportal	http://rdf.integbio.jp/dataset/bioportal/ocd
https://rdfportal.org/bioportal/sparql	bioportal	http://rdf.integbio.jp/dataset/bioportal/ocdm
https://rdfportal.org/bioportal/sparql	bioportal	http://rdf.integbio.jp/dataset/bioportal/ochv
https://rdfportal.org/bioportal/sparql	bioportal	http://rdf.integbio.jp/dataset/bioportal/ocimido
https://rdfportal.org/bioportal/sparql	bioportal	http://rdf.integbio.jp/dataset/bioportal/ocre
https://rdfportal.org/bioportal/sparql	bioportal	http://rdf.integbio.jp/dataset/bioportal/odae
https://rdfportal.org/bioportal/sparql	bioportal	http://rdf.integbio.jp/dataset/bioportal/odht
https://rdfportal.org/bioportal/sparql	bioportal	http://rdf.integbio.jp/dataset/bioportal/ogdi
https://rdfportal.org/bioportal/sparql	bioportal	http://rdf.integbio.jp/dataset/bioportal/ogg-mm
https://rdfportal.org/bioportal/sparql	bioportal	http://rdf.integbio.jp/dataset/bioportal/ogi
https://rdfportal.org/bioportal/sparql	bioportal	http://rdf.integbio.jp/dataset/bioportal/ogmd
https://rdfportal.org/bioportal/sparql	bioportal	http://rdf.integbio.jp/dataset/bioportal/ogms
https://rdfportal.org/bioportal/sparql	bioportal	http://rdf.integbio.jp/dataset/bioportal/ogr
https://rdfportal.org/bioportal/sparql	bioportal	http://rdf.integbio.jp/dataset/bioportal/ogsf
https://rdfportal.org/bioportal/sparql	bioportal	http://rdf.integbio.jp/dataset/bioportal/ohmi
https://rdfportal.org/bioportal/sparql	bioportal	http://rdf.integbio.jp/dataset/bioportal/ohpi
https://rdfportal.org/bioportal/sparql	bioportal	http://rdf.integbio.jp/dataset/bioportal/olam
https://rdfportal.org/bioportal/sparql	bioportal	http://rdf.integbio.jp/dataset/bioportal/om
https://rdfportal.org/bioportal/sparql	bioportal	http://rdf.integbio.jp/dataset/bioportal/omim
https://rdfportal.org/bioportal/sparql	bioportal	http://rdf.integbio.jp/dataset/bioportal/omit
https://rdfportal.org/bioportal/sparql	bioportal	http://rdf.integbio.jp/dataset/bioportal/omo
https://rdfportal.org/bioportal/sparql	bioportal	http://rdf.integbio.jp/dataset/bioportal/omp
https://rdfportal.org/bioportal/sparql	bioportal	http://rdf.integbio.jp/dataset/bioportal/omrse
https://rdfportal.org/bioportal/sparql	bioportal	http://rdf.integbio.jp/dataset/bioportal/one
https://rdfportal.org/bioportal/sparql	bioportal	http://rdf.integbio.jp/dataset/bioportal/onl-dp
https://rdfportal.org/bioportal/sparql	bioportal	http://rdf.integbio.jp/dataset/bioportal/onl-mr-da
https://rdfportal.org/bioportal/sparql	bioportal	http://rdf.integbio.jp/dataset/bioportal/onl-msa
https://rdfportal.org/bioportal/sparql	bioportal	http://rdf.integbio.jp/dataset/bioportal/onl-tasks
https://rdfportal.org/bioportal/sparql	bioportal	http://rdf.integbio.jp/dataset/bioportal/ons
https://rdfportal.org/bioportal/sparql	bioportal	http://rdf.integbio.jp/dataset/bioportal/onstr
https://rdfportal.org/bioportal/sparql	bioportal	http://rdf.integbio.jp/dataset/bioportal/ontoavida
https://rdfportal.org/bioportal/sparql	bioportal	http://rdf.integbio.jp/dataset/bioportal/ontodm-algorithm
https://rdfportal.org/bioportal/sparql	bioportal	http://rdf.integbio.jp/dataset/bioportal/ontodm-core
https://rdfportal.org/bioportal/sparql	bioportal	http://rdf.integbio.jp/dataset/bioportal/ontodm-kdd
https://rdfportal.org/bioportal/sparql	bioportal	http://rdf.integbio.jp/dataset/bioportal/ontodt
https://rdfportal.org/bioportal/sparql	bioportal	http://rdf.integbio.jp/dataset/bioportal/ontokbcf
https://rdfportal.org/bioportal/sparql	bioportal	http://rdf.integbio.jp/dataset/bioportal/ontoma
https://rdfportal.org/bioportal/sparql	bioportal	http://rdf.integbio.jp/dataset/bioportal/ontoneo
https://rdfportal.org/bioportal/sparql	bioportal	http://rdf.integbio.jp/dataset/bioportal/ontoparon
https://rdfportal.org/bioportal/sparql	bioportal	http://rdf.integbio.jp/dataset/bioportal/ontoparon_social
https://rdfportal.org/bioportal/sparql	bioportal	http://rdf.integbio.jp/dataset/bioportal/ontopbm
https://rdfportal.org/bioportal/sparql	bioportal	http://rdf.integbio.jp/dataset/bioportal/ontopneumo
https://rdfportal.org/bioportal/sparql	bioportal	http://rdf.integbio.jp/dataset/bioportal/ontopsychia
https://rdfportal.org/bioportal/sparql	bioportal	http://rdf.integbio.jp/dataset/bioportal/ontoreplicov
https://rdfportal.org/bioportal/sparql	bioportal	http://rdf.integbio.jp/dataset/bioportal/ontosim
https://rdfportal.org/bioportal/sparql	bioportal	http://rdf.integbio.jp/dataset/bioportal/ontosinasc
https://rdfportal.org/bioportal/sparql	bioportal	http://rdf.integbio.jp/dataset/bioportal/ontotox
https://rdfportal.org/bioportal/sparql	bioportal	http://rdf.integbio.jp/dataset/bioportal/ontotoxnuc
https://rdfportal.org/bioportal/sparql	bioportal	http://rdf.integbio.jp/dataset/bioportal/ontovip
https://rdfportal.org/bioportal/sparql	bioportal	http://rdf.integbio.jp/dataset/bioportal/ooevv
https://rdfportal.org/bioportal/sparql	bioportal	http://rdf.integbio.jp/dataset/bioportal/opb
https://rdfportal.org/bioportal/sparql	bioportal	http://rdf.integbio.jp/dataset/bioportal/opde
https://rdfportal.org/bioportal/sparql	bioportal	http://rdf.integbio.jp/dataset/bioportal/opdre
https://rdfportal.org/bioportal/sparql	bioportal	http://rdf.integbio.jp/dataset/bioportal/opdront
https://rdfportal.org/bioportal/sparql	bioportal	http://rdf.integbio.jp/dataset/bioportal/opdt
https://rdfportal.org/bioportal/sparql	bioportal	http://rdf.integbio.jp/dataset/bioportal/opdzimbabwe
https://rdfportal.org/bioportal/sparql	bioportal	http://rdf.integbio.jp/dataset/bioportal/ope
https://rdfportal.org/bioportal/sparql	bioportal	http://rdf.integbio.jp/dataset/bioportal/opl
https://rdfportal.org/bioportal/sparql	bioportal	http://rdf.integbio.jp/dataset/bioportal/opmi
https://rdfportal.org/bioportal/sparql	bioportal	http://rdf.integbio.jp/dataset/bioportal/optimal
https://rdfportal.org/bioportal/sparql	bioportal	http://rdf.integbio.jp/dataset/bioportal/option-ontology
https://rdfportal.org/bioportal/sparql	bioportal	http://rdf.integbio.jp/dataset/bioportal/orcs
https://rdfportal.org/bioportal/sparql	bioportal	http://rdf.integbio.jp/dataset/bioportal/ordo
https://rdfportal.org/bioportal/sparql	bioportal	http://rdf.integbio.jp/dataset/bioportal/orex-sam
https://rdfportal.org/bioportal/sparql	bioportal	http://rdf.integbio.jp/dataset/bioportal/orex-wg
https://rdfportal.org/bioportal/sparql	bioportal	http://rdf.integbio.jp/dataset/bioportal/ornaseq
https://rdfportal.org/bioportal/sparql	bioportal	http://rdf.integbio.jp/dataset/bioportal/orth
https://rdfportal.org/bioportal/sparql	bioportal	http://rdf.integbio.jp/dataset/bioportal/osm
https://rdfportal.org/bioportal/sparql	bioportal	http://rdf.integbio.jp/dataset/bioportal/ovae
https://rdfportal.org/bioportal/sparql	bioportal	http://rdf.integbio.jp/dataset/bioportal/paco
https://rdfportal.org/bioportal/sparql	bioportal	http://rdf.integbio.jp/dataset/bioportal/pae
https://rdfportal.org/bioportal/sparql	bioportal	http://rdf.integbio.jp/dataset/bioportal/panet
https://rdfportal.org/bioportal/sparql	bioportal	http://rdf.integbio.jp/dataset/bioportal/partumdo
https://rdfportal.org/bioportal/sparql	bioportal	http://rdf.integbio.jp/dataset/bioportal/pataxo
https://rdfportal.org/bioportal/sparql	bioportal	http://rdf.integbio.jp/dataset/bioportal/patct
https://rdfportal.org/bioportal/sparql	bioportal	http://rdf.integbio.jp/dataset/bioportal/patel
https://rdfportal.org/bioportal/sparql	bioportal	http://rdf.integbio.jp/dataset/bioportal/patgv
https://rdfportal.org/bioportal/sparql	bioportal	http://rdf.integbio.jp/dataset/bioportal/pathlex
https://rdfportal.org/bioportal/sparql	bioportal	http://rdf.integbio.jp/dataset/bioportal/patit
https://rdfportal.org/bioportal/sparql	bioportal	http://rdf.integbio.jp/dataset/bioportal/patmhc
https://rdfportal.org/bioportal/sparql	bioportal	http://rdf.integbio.jp/dataset/bioportal/pato
https://rdfportal.org/bioportal/sparql	bioportal	http://rdf.integbio.jp/dataset/bioportal/paymentmode
https://rdfportal.org/bioportal/sparql	bioportal	http://rdf.integbio.jp/dataset/bioportal/payor
https://rdfportal.org/bioportal/sparql	bioportal	http://rdf.integbio.jp/dataset/bioportal/pcalion
https://rdfportal.org/bioportal/sparql	bioportal	http://rdf.integbio.jp/dataset/bioportal/pcao
https://rdfportal.org/bioportal/sparql	bioportal	http://rdf.integbio.jp/dataset/bioportal/pcl
https://rdfportal.org/bioportal/sparql	bioportal	http://rdf.integbio.jp/dataset/bioportal/pcmo
https://rdfportal.org/bioportal/sparql	bioportal	http://rdf.integbio.jp/dataset/bioportal/pco
https://rdfportal.org/bioportal/sparql	bioportal	http://rdf.integbio.jp/dataset/bioportal/pdo
https://rdfportal.org/bioportal/sparql	bioportal	http://rdf.integbio.jp/dataset/bioportal/pdq
https://rdfportal.org/bioportal/sparql	bioportal	http://rdf.integbio.jp/dataset/bioportal/pdro
https://rdfportal.org/bioportal/sparql	bioportal	http://rdf.integbio.jp/dataset/bioportal/peco
https://rdfportal.org/bioportal/sparql	bioportal	http://rdf.integbio.jp/dataset/bioportal/pedterm
https://rdfportal.org/bioportal/sparql	bioportal	http://rdf.integbio.jp/dataset/bioportal/peo
https://rdfportal.org/bioportal/sparql	bioportal	http://rdf.integbio.jp/dataset/bioportal/pesont
https://rdfportal.org/bioportal/sparql	bioportal	http://rdf.integbio.jp/dataset/bioportal/pgxo
https://rdfportal.org/bioportal/sparql	bioportal	http://rdf.integbio.jp/dataset/bioportal/phare
https://rdfportal.org/bioportal/sparql	bioportal	http://rdf.integbio.jp/dataset/bioportal/phenx
https://rdfportal.org/bioportal/sparql	bioportal	http://rdf.integbio.jp/dataset/bioportal/phipo
https://rdfportal.org/bioportal/sparql	bioportal	http://rdf.integbio.jp/dataset/bioportal/phylont
https://rdfportal.org/bioportal/sparql	bioportal	http://rdf.integbio.jp/dataset/bioportal/pino
https://rdfportal.org/bioportal/sparql	bioportal	http://rdf.integbio.jp/dataset/bioportal/plana
https://rdfportal.org/bioportal/sparql	bioportal	http://rdf.integbio.jp/dataset/bioportal/planp
https://rdfportal.org/bioportal/sparql	bioportal	http://rdf.integbio.jp/dataset/bioportal/plantso
https://rdfportal.org/bioportal/sparql	bioportal	http://rdf.integbio.jp/dataset/bioportal/pma
https://rdfportal.org/bioportal/sparql	bioportal	http://rdf.integbio.jp/dataset/bioportal/pmapp-pmo
https://rdfportal.org/bioportal/sparql	bioportal	http://rdf.integbio.jp/dataset/bioportal/pmd
https://rdfportal.org/bioportal/sparql	bioportal	http://rdf.integbio.jp/dataset/bioportal/pmdo
https://rdfportal.org/bioportal/sparql	bioportal	http://rdf.integbio.jp/dataset/bioportal/pmo-speed
https://rdfportal.org/bioportal/sparql	bioportal	http://rdf.integbio.jp/dataset/bioportal/pmr
https://rdfportal.org/bioportal/sparql	bioportal	http://rdf.integbio.jp/dataset/bioportal/pnado
https://rdfportal.org/bioportal/sparql	bioportal	http://rdf.integbio.jp/dataset/bioportal/po
https://rdfportal.org/bioportal/sparql	bioportal	http://rdf.integbio.jp/dataset/bioportal/poro
https://rdfportal.org/bioportal/sparql	bioportal	http://rdf.integbio.jp/dataset/bioportal/pr
https://rdfportal.org/bioportal/sparql	bioportal	http://rdf.integbio.jp/dataset/bioportal/pregonto
https://rdfportal.org/bioportal/sparql	bioportal	http://rdf.integbio.jp/dataset/bioportal/premedonto
https://rdfportal.org/bioportal/sparql	bioportal	http://rdf.integbio.jp/dataset/bioportal/preo
https://rdfportal.org/bioportal/sparql	bioportal	http://rdf.integbio.jp/dataset/bioportal/proj
https://rdfportal.org/bioportal/sparql	bioportal	http://rdf.integbio.jp/dataset/bioportal/propreo
https://rdfportal.org/bioportal/sparql	bioportal	http://rdf.integbio.jp/dataset/bioportal/provo
https://rdfportal.org/bioportal/sparql	bioportal	http://rdf.integbio.jp/dataset/bioportal/psdo
https://rdfportal.org/bioportal/sparql	bioportal	http://rdf.integbio.jp/dataset/bioportal/psds
https://rdfportal.org/bioportal/sparql	bioportal	http://rdf.integbio.jp/dataset/bioportal/pseudo
https://rdfportal.org/bioportal/sparql	bioportal	http://rdf.integbio.jp/dataset/bioportal/psimod
https://rdfportal.org/bioportal/sparql	bioportal	http://rdf.integbio.jp/dataset/bioportal/pso_2
https://rdfportal.org/bioportal/sparql	bioportal	http://rdf.integbio.jp/dataset/bioportal/pto
https://rdfportal.org/bioportal/sparql	bioportal	http://rdf.integbio.jp/dataset/bioportal/ptrans
https://rdfportal.org/bioportal/sparql	bioportal	http://rdf.integbio.jp/dataset/bioportal/pts
https://rdfportal.org/bioportal/sparql	bioportal	http://rdf.integbio.jp/dataset/bioportal/pvonto
https://rdfportal.org/bioportal/sparql	bioportal	http://rdf.integbio.jp/dataset/bioportal/pw
https://rdfportal.org/bioportal/sparql	bioportal	http://rdf.integbio.jp/dataset/bioportal/qudt
https://rdfportal.org/bioportal/sparql	bioportal	http://rdf.integbio.jp/dataset/bioportal/qudt2
https://rdfportal.org/bioportal/sparql	bioportal	http://rdf.integbio.jp/dataset/bioportal/radlex
https://rdfportal.org/bioportal/sparql	bioportal	http://rdf.integbio.jp/dataset/bioportal/radxtt-mvreasons
https://rdfportal.org/bioportal/sparql	bioportal	http://rdf.integbio.jp/dataset/bioportal/rb
https://rdfportal.org/bioportal/sparql	bioportal	http://rdf.integbio.jp/dataset/bioportal/rbo
https://rdfportal.org/bioportal/sparql	bioportal	http://rdf.integbio.jp/dataset/bioportal/rctont
https://rdfportal.org/bioportal/sparql	bioportal	http://rdf.integbio.jp/dataset/bioportal/rctv2
https://rdfportal.org/bioportal/sparql	bioportal	http://rdf.integbio.jp/dataset/bioportal/rda-content
https://rdfportal.org/bioportal/sparql	bioportal	http://rdf.integbio.jp/dataset/bioportal/rda-issuance
https://rdfportal.org/bioportal/sparql	bioportal	http://rdf.integbio.jp/dataset/bioportal/rdfs
https://rdfportal.org/bioportal/sparql	bioportal	http://rdf.integbio.jp/dataset/bioportal/rdo
https://rdfportal.org/bioportal/sparql	bioportal	http://rdf.integbio.jp/dataset/bioportal/regn_bro
https://rdfportal.org/bioportal/sparql	bioportal	http://rdf.integbio.jp/dataset/bioportal/regn_go
https://rdfportal.org/bioportal/sparql	bioportal	http://rdf.integbio.jp/dataset/bioportal/repo
https://rdfportal.org/bioportal/sparql	bioportal	http://rdf.integbio.jp/dataset/bioportal/repos
https://rdfportal.org/bioportal/sparql	bioportal	http://rdf.integbio.jp/dataset/bioportal/reproduce-me
https://rdfportal.org/bioportal/sparql	bioportal	http://rdf.integbio.jp/dataset/bioportal/reto
https://rdfportal.org/bioportal/sparql	bioportal	http://rdf.integbio.jp/dataset/bioportal/rex
https://rdfportal.org/bioportal/sparql	bioportal	http://rdf.integbio.jp/dataset/bioportal/rexo
https://rdfportal.org/bioportal/sparql	bioportal	http://rdf.integbio.jp/dataset/bioportal/rh-mesh
https://rdfportal.org/bioportal/sparql	bioportal	http://rdf.integbio.jp/dataset/bioportal/rnao
https://rdfportal.org/bioportal/sparql	bioportal	http://rdf.integbio.jp/dataset/bioportal/rnprio
https://rdfportal.org/bioportal/sparql	bioportal	http://rdf.integbio.jp/dataset/bioportal/ro
https://rdfportal.org/bioportal/sparql	bioportal	http://rdf.integbio.jp/dataset/bioportal/rocknrolltest
https://rdfportal.org/bioportal/sparql	bioportal	http://rdf.integbio.jp/dataset/bioportal/roleo
https://rdfportal.org/bioportal/sparql	bioportal	http://rdf.integbio.jp/dataset/bioportal/roo
https://rdfportal.org/bioportal/sparql	bioportal	http://rdf.integbio.jp/dataset/bioportal/rpo
https://rdfportal.org/bioportal/sparql	bioportal	http://rdf.integbio.jp/dataset/bioportal/rs
https://rdfportal.org/bioportal/sparql	bioportal	http://rdf.integbio.jp/dataset/bioportal/rsa
https://rdfportal.org/bioportal/sparql	bioportal	http://rdf.integbio.jp/dataset/bioportal/rvo
https://rdfportal.org/bioportal/sparql	bioportal	http://rdf.integbio.jp/dataset/bioportal/rxnorm
https://rdfportal.org/bioportal/sparql	bioportal	http://rdf.integbio.jp/dataset/bioportal/salmon
https://rdfportal.org/bioportal/sparql	bioportal	http://rdf.integbio.jp/dataset/bioportal/sao
https://rdfportal.org/bioportal/sparql	bioportal	http://rdf.integbio.jp/dataset/bioportal/sarsmutonto
https://rdfportal.org/bioportal/sparql	bioportal	http://rdf.integbio.jp/dataset/bioportal/sasap
https://rdfportal.org/bioportal/sparql	bioportal	http://rdf.integbio.jp/dataset/bioportal/sato
https://rdfportal.org/bioportal/sparql	bioportal	http://rdf.integbio.jp/dataset/bioportal/sbo
https://rdfportal.org/bioportal/sparql	bioportal	http://rdf.integbio.jp/dataset/bioportal/sbol
https://rdfportal.org/bioportal/sparql	bioportal	http://rdf.integbio.jp/dataset/bioportal/scdo
https://rdfportal.org/bioportal/sparql	bioportal	http://rdf.integbio.jp/dataset/bioportal/schema
https://rdfportal.org/bioportal/sparql	bioportal	http://rdf.integbio.jp/dataset/bioportal/sco
https://rdfportal.org/bioportal/sparql	bioportal	http://rdf.integbio.jp/dataset/bioportal/sdo
https://rdfportal.org/bioportal/sparql	bioportal	http://rdf.integbio.jp/dataset/bioportal/sedi
https://rdfportal.org/bioportal/sparql	bioportal	http://rdf.integbio.jp/dataset/bioportal/senso
https://rdfportal.org/bioportal/sparql	bioportal	http://rdf.integbio.jp/dataset/bioportal/sep
https://rdfportal.org/bioportal/sparql	bioportal	http://rdf.integbio.jp/dataset/bioportal/sepio
https://rdfportal.org/bioportal/sparql	bioportal	http://rdf.integbio.jp/dataset/bioportal/shr
https://rdfportal.org/bioportal/sparql	bioportal	http://rdf.integbio.jp/dataset/bioportal/sio
https://rdfportal.org/bioportal/sparql	bioportal	http://rdf.integbio.jp/dataset/bioportal/sitbac
https://rdfportal.org/bioportal/sparql	bioportal	http://rdf.integbio.jp/dataset/bioportal/sk
https://rdfportal.org/bioportal/sparql	bioportal	http://rdf.integbio.jp/dataset/bioportal/smo
https://rdfportal.org/bioportal/sparql	bioportal	http://rdf.integbio.jp/dataset/bioportal/snmi
https://rdfportal.org/bioportal/sparql	bioportal	http://rdf.integbio.jp/dataset/bioportal/snpo
https://rdfportal.org/bioportal/sparql	bioportal	http://rdf.integbio.jp/dataset/bioportal/so
https://rdfportal.org/bioportal/sparql	bioportal	http://rdf.integbio.jp/dataset/bioportal/socpres
https://rdfportal.org/bioportal/sparql	bioportal	http://rdf.integbio.jp/dataset/bioportal/soho
https://rdfportal.org/bioportal/sparql	bioportal	http://rdf.integbio.jp/dataset/bioportal/sopharm
https://rdfportal.org/bioportal/sparql	bioportal	http://rdf.integbio.jp/dataset/bioportal/sos
https://rdfportal.org/bioportal/sparql	bioportal	http://rdf.integbio.jp/dataset/bioportal/soy
https://rdfportal.org/bioportal/sparql	bioportal	http://rdf.integbio.jp/dataset/bioportal/sp_ontology
https://rdfportal.org/bioportal/sparql	bioportal	http://rdf.integbio.jp/dataset/bioportal/spd
https://rdfportal.org/bioportal/sparql	bioportal	http://rdf.integbio.jp/dataset/bioportal/spo
https://rdfportal.org/bioportal/sparql	bioportal	http://rdf.integbio.jp/dataset/bioportal/spto
https://rdfportal.org/bioportal/sparql	bioportal	http://rdf.integbio.jp/dataset/bioportal/sse
https://rdfportal.org/bioportal/sparql	bioportal	http://rdf.integbio.jp/dataset/bioportal/ssn
https://rdfportal.org/bioportal/sparql	bioportal	http://rdf.integbio.jp/dataset/bioportal/sso
https://rdfportal.org/bioportal/sparql	bioportal	http://rdf.integbio.jp/dataset/bioportal/stmso
https://rdfportal.org/bioportal/sparql	bioportal	http://rdf.integbio.jp/dataset/bioportal/sto-draft
https://rdfportal.org/bioportal/sparql	bioportal	http://rdf.integbio.jp/dataset/bioportal/sty
https://rdfportal.org/bioportal/sparql	bioportal	http://rdf.integbio.jp/dataset/bioportal/suicideo
https://rdfportal.org/bioportal/sparql	bioportal	http://rdf.integbio.jp/dataset/bioportal/sweet
https://rdfportal.org/bioportal/sparql	bioportal	http://rdf.integbio.jp/dataset/bioportal/swo
https://rdfportal.org/bioportal/sparql	bioportal	http://rdf.integbio.jp/dataset/bioportal/symp
https://rdfportal.org/bioportal/sparql	bioportal	http://rdf.integbio.jp/dataset/bioportal/syrian-cinema
https://rdfportal.org/bioportal/sparql	bioportal	http://rdf.integbio.jp/dataset/bioportal/tads
https://rdfportal.org/bioportal/sparql	bioportal	http://rdf.integbio.jp/dataset/bioportal/tao
https://rdfportal.org/bioportal/sparql	bioportal	http://rdf.integbio.jp/dataset/bioportal/taxrank
https://rdfportal.org/bioportal/sparql	bioportal	http://rdf.integbio.jp/dataset/bioportal/tcdo
https://rdfportal.org/bioportal/sparql	bioportal	http://rdf.integbio.jp/dataset/bioportal/tco
https://rdfportal.org/bioportal/sparql	bioportal	http://rdf.integbio.jp/dataset/bioportal/teddy
https://rdfportal.org/bioportal/sparql	bioportal	http://rdf.integbio.jp/dataset/bioportal/tempo
https://rdfportal.org/bioportal/sparql	bioportal	http://rdf.integbio.jp/dataset/bioportal/teo
https://rdfportal.org/bioportal/sparql	bioportal	http://rdf.integbio.jp/dataset/bioportal/tephram4mexample
https://rdfportal.org/bioportal/sparql	bioportal	http://rdf.integbio.jp/dataset/bioportal/test-m4m20-pav
https://rdfportal.org/bioportal/sparql	bioportal	http://rdf.integbio.jp/dataset/bioportal/test_a
https://rdfportal.org/bioportal/sparql	bioportal	http://rdf.integbio.jp/dataset/bioportal/test_cbi
https://rdfportal.org/bioportal/sparql	bioportal	http://rdf.integbio.jp/dataset/bioportal/testex
https://rdfportal.org/bioportal/sparql	bioportal	http://rdf.integbio.jp/dataset/bioportal/tgma
https://rdfportal.org/bioportal/sparql	bioportal	http://rdf.integbio.jp/dataset/bioportal/time
https://rdfportal.org/bioportal/sparql	bioportal	http://rdf.integbio.jp/dataset/bioportal/timebank
https://rdfportal.org/bioportal/sparql	bioportal	http://rdf.integbio.jp/dataset/bioportal/tm-const
https://rdfportal.org/bioportal/sparql	bioportal	http://rdf.integbio.jp/dataset/bioportal/tm-mer
https://rdfportal.org/bioportal/sparql	bioportal	http://rdf.integbio.jp/dataset/bioportal/tm-other-factors
https://rdfportal.org/bioportal/sparql	bioportal	http://rdf.integbio.jp/dataset/bioportal/tm-signs-and-sympts
https://rdfportal.org/bioportal/sparql	bioportal	http://rdf.integbio.jp/dataset/bioportal/tma
https://rdfportal.org/bioportal/sparql	bioportal	http://rdf.integbio.jp/dataset/bioportal/tml
https://rdfportal.org/bioportal/sparql	bioportal	http://rdf.integbio.jp/dataset/bioportal/tmo
https://rdfportal.org/bioportal/sparql	bioportal	http://rdf.integbio.jp/dataset/bioportal/tocwwe
https://rdfportal.org/bioportal/sparql	bioportal	http://rdf.integbio.jp/dataset/bioportal/tok
https://rdfportal.org/bioportal/sparql	bioportal	http://rdf.integbio.jp/dataset/bioportal/top-menelas
https://rdfportal.org/bioportal/sparql	bioportal	http://rdf.integbio.jp/dataset/bioportal/trak
https://rdfportal.org/bioportal/sparql	bioportal	http://rdf.integbio.jp/dataset/bioportal/tron
https://rdfportal.org/bioportal/sparql	bioportal	http://rdf.integbio.jp/dataset/bioportal/tto
https://rdfportal.org/bioportal/sparql	bioportal	http://rdf.integbio.jp/dataset/bioportal/txpo
https://rdfportal.org/bioportal/sparql	bioportal	http://rdf.integbio.jp/dataset/bioportal/uberon
https://rdfportal.org/bioportal/sparql	bioportal	http://rdf.integbio.jp/dataset/bioportal/uganda_diseases
https://rdfportal.org/bioportal/sparql	bioportal	http://rdf.integbio.jp/dataset/bioportal/umms
https://rdfportal.org/bioportal/sparql	bioportal	http://rdf.integbio.jp/dataset/bioportal/unitsont
https://rdfportal.org/bioportal/sparql	bioportal	http://rdf.integbio.jp/dataset/bioportal/uo
https://rdfportal.org/bioportal/sparql	bioportal	http://rdf.integbio.jp/dataset/bioportal/upa
https://rdfportal.org/bioportal/sparql	bioportal	http://rdf.integbio.jp/dataset/bioportal/vandf
https://rdfportal.org/bioportal/sparql	bioportal	http://rdf.integbio.jp/dataset/bioportal/vario
https://rdfportal.org/bioportal/sparql	bioportal	http://rdf.integbio.jp/dataset/bioportal/vdot
https://rdfportal.org/bioportal/sparql	bioportal	http://rdf.integbio.jp/dataset/bioportal/veo
https://rdfportal.org/bioportal/sparql	bioportal	http://rdf.integbio.jp/dataset/bioportal/vfb_drivers
https://rdfportal.org/bioportal/sparql	bioportal	http://rdf.integbio.jp/dataset/bioportal/vhog
https://rdfportal.org/bioportal/sparql	bioportal	http://rdf.integbio.jp/dataset/bioportal/vido
https://rdfportal.org/bioportal/sparql	bioportal	http://rdf.integbio.jp/dataset/bioportal/vio
https://rdfportal.org/bioportal/sparql	bioportal	http://rdf.integbio.jp/dataset/bioportal/vivo
https://rdfportal.org/bioportal/sparql	bioportal	http://rdf.integbio.jp/dataset/bioportal/vo
https://rdfportal.org/bioportal/sparql	bioportal	http://rdf.integbio.jp/dataset/bioportal/vodana-general
https://rdfportal.org/bioportal/sparql	bioportal	http://rdf.integbio.jp/dataset/bioportal/vodana-mi
https://rdfportal.org/bioportal/sparql	bioportal	http://rdf.integbio.jp/dataset/bioportal/vodana-migrants
https://rdfportal.org/bioportal/sparql	bioportal	http://rdf.integbio.jp/dataset/bioportal/vodana-mpa
https://rdfportal.org/bioportal/sparql	bioportal	http://rdf.integbio.jp/dataset/bioportal/vodanacovid
https://rdfportal.org/bioportal/sparql	bioportal	http://rdf.integbio.jp/dataset/bioportal/vodanadiseases
https://rdfportal.org/bioportal/sparql	bioportal	http://rdf.integbio.jp/dataset/bioportal/vodanakenya
https://rdfportal.org/bioportal/sparql	bioportal	http://rdf.integbio.jp/dataset/bioportal/vodanamflcode
https://rdfportal.org/bioportal/sparql	bioportal	http://rdf.integbio.jp/dataset/bioportal/vodananigeria
https://rdfportal.org/bioportal/sparql	bioportal	http://rdf.integbio.jp/dataset/bioportal/vodanauganda
https://rdfportal.org/bioportal/sparql	bioportal	http://rdf.integbio.jp/dataset/bioportal/vrd
https://rdfportal.org/bioportal/sparql	bioportal	http://rdf.integbio.jp/dataset/bioportal/vsao
https://rdfportal.org/bioportal/sparql	bioportal	http://rdf.integbio.jp/dataset/bioportal/vso
https://rdfportal.org/bioportal/sparql	bioportal	http://rdf.integbio.jp/dataset/bioportal/vt
https://rdfportal.org/bioportal/sparql	bioportal	http://rdf.integbio.jp/dataset/bioportal/vto
https://rdfportal.org/bioportal/sparql	bioportal	http://rdf.integbio.jp/dataset/bioportal/wb-bt
https://rdfportal.org/bioportal/sparql	bioportal	http://rdf.integbio.jp/dataset/bioportal/wb-ls
https://rdfportal.org/bioportal/sparql	bioportal	http://rdf.integbio.jp/dataset/bioportal/wb-phenotype
https://rdfportal.org/bioportal/sparql	bioportal	http://rdf.integbio.jp/dataset/bioportal/wc
https://rdfportal.org/bioportal/sparql	bioportal	http://rdf.integbio.jp/dataset/bioportal/wear
https://rdfportal.org/bioportal/sparql	bioportal	http://rdf.integbio.jp/dataset/bioportal/weave
https://rdfportal.org/bioportal/sparql	bioportal	http://rdf.integbio.jp/dataset/bioportal/wetaxtopics
https://rdfportal.org/bioportal/sparql	bioportal	http://rdf.integbio.jp/dataset/bioportal/wikipathways
https://rdfportal.org/bioportal/sparql	bioportal	http://rdf.integbio.jp/dataset/bioportal/wsio
https://rdfportal.org/bioportal/sparql	bioportal	http://rdf.integbio.jp/dataset/bioportal/wweca
https://rdfportal.org/bioportal/sparql	bioportal	http://rdf.integbio.jp/dataset/bioportal/xao
https://rdfportal.org/bioportal/sparql	bioportal	http://rdf.integbio.jp/dataset/bioportal/xco
https://rdfportal.org/bioportal/sparql	bioportal	http://rdf.integbio.jp/dataset/bioportal/xeo
https://rdfportal.org/bioportal/sparql	bioportal	http://rdf.integbio.jp/dataset/bioportal/xlmod
https://rdfportal.org/bioportal/sparql	bioportal	http://rdf.integbio.jp/dataset/bioportal/xpo
https://rdfportal.org/bioportal/sparql	bioportal	http://rdf.integbio.jp/dataset/bioportal/xref-funder-reg
https://rdfportal.org/bioportal/sparql	bioportal	http://rdf.integbio.jp/dataset/bioportal/zea
https://rdfportal.org/bioportal/sparql	bioportal	http://rdf.integbio.jp/dataset/bioportal/zfa
https://rdfportal.org/bioportal/sparql	bioportal	http://rdf.integbio.jp/dataset/bioportal/zonmw-admin-md
https://rdfportal.org/bioportal/sparql	bioportal	http://rdf.integbio.jp/dataset/bioportal/zonmw-content
https://rdfportal.org/bioportal/sparql	bioportal	http://rdf.integbio.jp/dataset/bioportal/zonmw-generic
https://rdfportal.org/bioportal/sparql	bioportal	http://rdf.integbio.jp/dataset/bioportal/zp
https://rdfportal.org/covid/sparql	uniprot-covid	https://covid-19-sparql.expasy.org/uniprot
https://rdfportal.org/covid/sparql	kg-covid-19	http://kg-hub.berkeleybop.io/kg-covid-19
https://rdfportal.org/covid/sparql	pheknowlator	https://github.com/callahantiff/PheKnowLator/Full-OWL-KG
https://rdfportal.org/covid/sparql	pheknowlator	https://github.com/callahantiff/PheKnowLator/OWL-NETS-KG
https://rdfportal.org/ddbj/sparql	ddbj	http://rdfportal.org/dataset/ddbj
https://rdfportal.org/ebi/sparql	biosample	http://rdf.ebi.ac.uk/dataset/biosamples
https://rdfportal.org/ebi/sparql	biomodels	http://rdf.ebi.ac.uk/dataset/biomodels
https://rdfportal.org/ebi/sparql	chembl	http://rdf.ebi.ac.uk/dataset/chembl
https://rdfportal.org/ebi/sparql	expressionatlas	http://rdf.ebi.ac.uk/dataset/expressionatlas
https://rdfportal.org/ebi/sparql	chebi	http://rdf.ebi.ac.uk/dataset/chebi
https://rdfportal.org/ebi/sparql	reactome	http://rdf.ebi.ac.uk/dataset/reactome
https://rdfportal.org/ebi/sparql	ensembl	http://rdfportal.org/dataset/ensembl
https://rdfportal.org/ebi/sparql	ensembl_grch37	http://rdfportal.org/dataset/ensembl_grch37
https://rdfportal.org/ebi/sparql	ensembl_grch38	http://rdfportal.org/dataset/ensembl_grch38
https://rdfportal.org/ebi/sparql	gwas-catalog	http://rdf.ebi.ac.uk/dataset/gwas_catalog
https://rdfportal.org/kero/sparql	kero	http://rdfportal.org/dataset/kero/Cancer_Cell_Line
https://rdfportal.org/kero/sparql	kero	http://kero.hgc.jp/ontology/kero.owl
https://rdfportal.org/ncbi/sparql	pubmed	http://rdfportal.org/dataset/pubmed
https://rdfportal.org/ncbi/sparql	pubtator	http://rdfportal.org/dataset/pubtator_central
https://rdfportal.org/ncbi/sparql	clinvar	http://rdfportal.org/dataset/clinvar
https://rdfportal.org/ncbi/sparql	medgen	http://rdfportal.org/dataset/medgen
https://rdfportal.org/ncbi/sparql	nlm-catalog	http://rdfportal.org/dataset/nlm_catalog
https://rdfportal.org/ncbi/sparql	mesh-history	http://id.nlm.nih.gov/mesh/2023
https://rdfportal.org/ncbi/sparql	mesh-history	http://id.nlm.nih.gov/mesh/2022
https://rdfportal.org/ncbi/sparql	mesh-history	http://id.nlm.nih.gov/mesh/2021
https://rdfportal.org/ncbi/sparql	mesh-history	http://id.nlm.nih.gov/mesh/2020
https://rdfportal.org/ncbi/sparql	mesh-history	http://id.nlm.nih.gov/mesh/2019
https://rdfportal.org/ncbi/sparql	mesh-history	http://id.nlm.nih.gov/mesh/2018
https://rdfportal.org/ncbi/sparql	mesh-history	http://id.nlm.nih.gov/mesh/2017
https://rdfportal.org/ncbi/sparql	mesh-history	http://id.nlm.nih.gov/mesh/2016
https://rdfportal.org/ncbi/sparql	mesh-history	http://id.nlm.nih.gov/mesh/2015
https://rdfportal.org/ncbi/sparql	biosampleplus	http://rdfportal.org/dataset/biosampleplus/accessions
https://rdfportal.org/ncbi/sparql	biosampleplus	http://rdfportal.org/dataset/biosampleplus/biosample
https://rdfportal.org/ncbi/sparql	biosampleplus	http://rdfportal.org/dataset/biosampleplus/biosampleplus
https://rdfportal.org/ncbi/sparql	biosampleplus	http://rdfportal.org/dataset/biosampleplus/experiment
https://rdfportal.org/pdbj/sparql	pdbj	http://rdfportal.org/dataset/pdbj
https://rdfportal.org/pdbj/sparql	pdbj	http://rdf.wwpdb.org/schema/pdbx-v50.owl
https://rdfportal.org/pdbj/sparql	bmrb	http://bmrbpub.protein.osaka-u.ac.jp/rdf/bmr
https://rdfportal.org/pdbj/sparql	bmrb	http://bmrbpub.protein.osaka-u.ac.jp/rdf/bms
https://rdfportal.org/pdbj/sparql	bmrb	http://bmrbpub.protein.osaka-u.ac.jp/schema/mmcifmr-star.owl
https://rdfportal.org/primary/sparql	disgenet	http://rdfportal.org/dataset/disgenet
https://rdfportal.org/primary/sparql	famsbase	http://fams.bio.chuo-u.ac.jp/GPCR/rdf/
https://rdfportal.org/primary/sparql	famsbase	http://fams.bio.chuo-u.ac.jp/ontology/
https://rdfportal.org/primary/sparql	ggdonto	http://jcggdb.jp/rdf/diseases/ggdonto
https://rdfportal.org/primary/sparql	ggdonto	http://jcggdb.jp/rdf/diseases/ggdonto-schema.rdf
https://rdfportal.org/primary/sparql	glycoepitope	http://rdf.glycoinfo.org/glycoepitope
https://rdfportal.org/primary/sparql	glycoepitope	http://www.glycoepitope.jp/epitopes/glycoepitope.owl
https://rdfportal.org/primary/sparql	glytoucan	http://rdf.glycoinfo.org/glytoucan
https://rdfportal.org/primary/sparql	glytoucan	http://www.glytoucan.org/glyco/owl/glytoucan
https://rdfportal.org/primary/sparql	hgnc	http://rdfportal.org/dataset/hgnc
https://rdfportal.org/primary/sparql	homologene	http://rdfportal.org/dataset/homologene
https://rdfportal.org/primary/sparql	dbcatalog	http://rdfportal.org/dataset/dbcatalog/main
https://rdfportal.org/primary/sparql	dbcatalog	http://rdfportal.org/dataset/dbcatalog/tag
https://rdfportal.org/primary/sparql	jpost	http://jpost.org/graph/database
https://rdfportal.org/primary/sparql	jpost	http://rdf.jpostdb.org/ontology/jpost.owl
https://rdfportal.org/primary/sparql	knapsack	http://purl.jp/knapsack/
https://rdfportal.org/primary/sparql	ligandbox	http://purl.jp/bio/5/ligandbox/
https://rdfportal.org/primary/sparql	ligandbox	http://rdfportal.org/rdf/download/liganbox/2021-05-25/ontology-1/ligandbox.owl
https://rdfportal.org/primary/sparql	icgc	http://icgc.link/release_20
https://rdfportal.org/primary/sparql	mbgd	http://mbgd.genome.ad.jp/rdf/resource/default
https://rdfportal.org/primary/sparql	mbgd	http://mbgd.genome.ad.jp/rdf/resource/gene
https://rdfportal.org/primary/sparql	mbgd	http://mbgd.genome.ad.jp/rdf/resource/organism
https://rdfportal.org/primary/sparql	mbgd	http://mbgd.genome.ad.jp/rdf/resource/nucseq
https://rdfportal.org/primary/sparql	mbgd	http://mbgd.genome.ad.jp/rdf/resource/xref_uniprot
https://rdfportal.org/primary/sparql	mbgd	http://purl.jp/bio/11/orth
https://rdfportal.org/primary/sparql	mbgd	http://purl.jp/bio/11/mbgd
https://rdfportal.org/primary/sparql	xsearch_jcm_brso	http://metadb.riken.jp/db/xsearch_jcm_brso
https://rdfportal.org/primary/sparql	nando	http://nanbyodata.jp/ontology/nando
https://rdfportal.org/primary/sparql	nikkaji	http://rdfportal.org/dataset/nikkaji/main
https://rdfportal.org/primary/sparql	nikkaji	http://rdfportal.org/dataset/nikkaji/inchi
https://rdfportal.org/primary/sparql	nikkaji	http://rdfportal.org/dataset/nikkaji/smiles
https://rdfportal.org/primary/sparql	nikkaji	http://rdfportal.org/dataset/nikkaji/link2jglobal
https://rdfportal.org/primary/sparql	nikkaji	http://rdfportal.org/dataset/nikkaji/mwmf
https://rdfportal.org/primary/sparql	nikkaji	http://rdfportal.org/dataset/nikkaji/link2jglobal_basedon_unichem
https://rdfportal.org/primary/sparql	nikkaji	http://rdfportal.org/dataset/nikkaji/link2jglobal_basedon_pubchem
https://rdfportal.org/primary/sparql	nikkaji	http://rdfportal.org/dataset/nikkaji/core
https://rdfportal.org/primary/sparql	nbrc	http://purl.jp/bio/103/nite/culture/
https://rdfportal.org/primary/sparql	mnadd	http://purl.jp/bio/18/nadd/
https://rdfportal.org/primary/sparql	open-tggates	http://rdfportal.org/dataset/open-tggates
https://rdfportal.org/primary/sparql	paconto	http://jcggdb.jp/rdf/diseases/paconto
https://rdfportal.org/primary/sparql	paconto	http://jcggdb.jp/rdf/diseases/paconto-schema.rdf
https://rdfportal.org/primary/sparql	pgdbj	http://pgdbj.jp/od/
https://rdfportal.org/primary/sparql	pgdbj	http://purl.jp/bio/11/orth#
https://rdfportal.org/primary/sparql	polyinfo	http://rdfportal.org/dataset/polyinfo
https://rdfportal.org/primary/sparql	pubcasefinder	https://pubcasefinder.dbcls.jp/rdf
https://rdfportal.org/primary/sparql	quanto	http://purl.jp/bio/01/quanto/ontology/sos#
https://rdfportal.org/primary/sparql	quanto	http://quanto.dbcls.jp
https://rdfportal.org/primary/sparql	refex	http://purl.jp/bio/01/refexo
https://rdfportal.org/primary/sparql	refex	http://refex.dbcls.jp/rdf/fantom5
https://rdfportal.org/primary/sparql	refex	http://refex.dbcls.jp/rdf/genechip
https://rdfportal.org/primary/sparql	ssbd	http://metadb.riken.jp/db/SSBD
https://rdfportal.org/primary/sparql	wurcs	http://rdf.glycoinfo.org/wurcs/0.5.1
https://rdfportal.org/primary/sparql	wurcs	http://rdf.glycoinfo.org/wurcs/ms/0.2
https://rdfportal.org/primary/sparql	wurcs	http://rdf.glycoinfo.org/wurcs/seq/0.3
https://rdfportal.org/primary/sparql	ontology	http://rdfportal.org/ontology/cl
https://rdfportal.org/primary/sparql	ontology	http://rdfportal.org/ontology/clo
https://rdfportal.org/primary/sparql	ontology	http://rdfportal.org/ontology/cmo
https://rdfportal.org/primary/sparql	ontology	http://rdfportal.org/ontology/dcelements
https://rdfportal.org/primary/sparql	ontology	http://rdfportal.org/ontology/dcterms
https://rdfportal.org/primary/sparql	ontology	http://rdfportal.org/ontology/eco
https://rdfportal.org/primary/sparql	ontology	http://rdfportal.org/ontology/edam
https://rdfportal.org/primary/sparql	ontology	http://rdfportal.org/ontology/efo
https://rdfportal.org/primary/sparql	ontology	http://rdfportal.org/ontology/faldo
https://rdfportal.org/primary/sparql	ontology	http://rdfportal.org/ontology/fma
https://rdfportal.org/primary/sparql	ontology	http://rdfportal.org/ontology/foaf
https://rdfportal.org/primary/sparql	ontology	http://rdfportal.org/ontology/glycordf
https://rdfportal.org/primary/sparql	ontology	http://rdfportal.org/ontology/go
https://rdfportal.org/primary/sparql	ontology	http://purl.jp/bio/11/goa
https://rdfportal.org/primary/sparql	ontology	http://rdfportal.org/ontology/hp
https://rdfportal.org/primary/sparql	ontology	http://rdfportal.org/ontology/meo
https://rdfportal.org/primary/sparql	ontology	http://id.nlm.nih.gov/mesh
https://rdfportal.org/primary/sparql	ontology	http://id.nlm.nih.gov/mesh/vocab
https://rdfportal.org/primary/sparql	ontology	http://id.nlm.nih.gov/mesh/void
https://rdfportal.org/primary/sparql	ontology	http://rdfportal.org/ontology/mmo
https://rdfportal.org/primary/sparql	ontology	http://rdfportal.org/ontology/mondo
https://rdfportal.org/primary/sparql	ontology	http://rdfportal.org/ontology/nucleotide
https://rdfportal.org/primary/sparql	ontology	http://rdfportal.org/ontology/orth
https://rdfportal.org/primary/sparql	ontology	http://rdfportal.org/ontology/owl
https://rdfportal.org/primary/sparql	ontology	http://rdfportal.org/ontology/pav
https://rdfportal.org/primary/sparql	ontology	http://rdfportal.org/ontology/piero
https://rdfportal.org/primary/sparql	ontology	http://rdfportal.org/ontology/po
https://rdfportal.org/primary/sparql	ontology	http://rdfportal.org/ontology/pro-reasoned
https://rdfportal.org/primary/sparql	ontology	http://rdfportal.org/ontology/pro
https://rdfportal.org/primary/sparql	ontology	http://rdfportal.org/ontology/prov-o
https://rdfportal.org/primary/sparql	ontology	http://rdfportal.org/ontology/qudt
https://rdfportal.org/primary/sparql	ontology	http://rdfportal.org/ontology/rdf
https://rdfportal.org/primary/sparql	ontology	http://rdfportal.org/ontology/rdfs
https://rdfportal.org/primary/sparql	ontology	http://rdfportal.org/ontology/sio
https://rdfportal.org/primary/sparql	ontology	http://rdfportal.org/ontology/skos
https://rdfportal.org/primary/sparql	ontology	http://rdfportal.org/ontology/so
https://rdfportal.org/primary/sparql	ontology	http://rdfportal.org/ontology/taxonomy
https://rdfportal.org/primary/sparql	ontology	http://rdfportal.org/ontology/uberon
https://rdfportal.org/primary/sparql	ontology	http://rdfportal.org/ontology/uo
https://rdfportal.org/primary/sparql	ontology	http://rdfportal.org/ontology/void
https://rdfportal.org/primary/sparql	ontology	http://rdfportal.org/ontology/xco
https://rdfportal.org/primary/sparql	naro_genebank	http://rdfportal.org/dataset/naro_genebank
https://rdfportal.org/proteinatlas/sparql	proteinatlas	http://www.proteinatlas.org/about/nanopubs/others
https://rdfportal.org/pubchem/sparql	pubchem	http://rdf.ncbi.nlm.nih.gov/pubchem/anatomy
https://rdfportal.org/pubchem/sparql	pubchem	http://rdf.ncbi.nlm.nih.gov/pubchem/author
https://rdfportal.org/pubchem/sparql	pubchem	http://rdf.ncbi.nlm.nih.gov/pubchem/bioassay
https://rdfportal.org/pubchem/sparql	pubchem	http://rdf.ncbi.nlm.nih.gov/pubchem/book
https://rdfportal.org/pubchem/sparql	pubchem	http://rdf.ncbi.nlm.nih.gov/pubchem/cell
https://rdfportal.org/pubchem/sparql	pubchem	http://rdf.ncbi.nlm.nih.gov/pubchem/compound
https://rdfportal.org/pubchem/sparql	pubchem	http://rdf.ncbi.nlm.nih.gov/pubchem/concept
https://rdfportal.org/pubchem/sparql	pubchem	http://rdf.ncbi.nlm.nih.gov/pubchem/conserveddomain
https://rdfportal.org/pubchem/sparql	pubchem	http://rdf.ncbi.nlm.nih.gov/pubchem/cooccurrence
https://rdfportal.org/pubchem/sparql	pubchem	http://rdf.ncbi.nlm.nih.gov/pubchem/descriptor/compound
https://rdfportal.org/pubchem/sparql	pubchem	http://rdf.ncbi.nlm.nih.gov/pubchem/descriptor/substance
https://rdfportal.org/pubchem/sparql	pubchem	http://rdf.ncbi.nlm.nih.gov/pubchem/disease
https://rdfportal.org/pubchem/sparql	pubchem	http://rdf.ncbi.nlm.nih.gov/pubchem/endpoint
https://rdfportal.org/pubchem/sparql	pubchem	http://rdf.ncbi.nlm.nih.gov/pubchem/gene
https://rdfportal.org/pubchem/sparql	pubchem	http://rdf.ncbi.nlm.nih.gov/pubchem/grant
https://rdfportal.org/pubchem/sparql	pubchem	http://rdf.ncbi.nlm.nih.gov/pubchem/inchikey
https://rdfportal.org/pubchem/sparql	pubchem	http://rdf.ncbi.nlm.nih.gov/pubchem/journal
https://rdfportal.org/pubchem/sparql	pubchem	http://rdf.ncbi.nlm.nih.gov/pubchem/measuregroup
https://rdfportal.org/pubchem/sparql	pubchem	http://rdf.ncbi.nlm.nih.gov/pubchem/organization
https://rdfportal.org/pubchem/sparql	pubchem	http://rdf.ncbi.nlm.nih.gov/pubchem/patent
https://rdfportal.org/pubchem/sparql	pubchem	http://rdf.ncbi.nlm.nih.gov/pubchem/pathway
https://rdfportal.org/pubchem/sparql	pubchem	http://rdf.ncbi.nlm.nih.gov/pubchem/protein
https://rdfportal.org/pubchem/sparql	pubchem	http://rdf.ncbi.nlm.nih.gov/pubchem/reference
https://rdfportal.org/pubchem/sparql	pubchem	http://rdf.ncbi.nlm.nih.gov/pubchem/source
https://rdfportal.org/pubchem/sparql	pubchem	http://rdf.ncbi.nlm.nih.gov/pubchem/substance
https://rdfportal.org/pubchem/sparql	pubchem	http://rdf.ncbi.nlm.nih.gov/pubchem/synonym
https://rdfportal.org/pubchem/sparql	pubchem	http://rdf.ncbi.nlm.nih.gov/pubchem/taxonomy
https://rdfportal.org/pubchem/sparql	pubchem	http://rdf.ncbi.nlm.nih.gov/pubchem/void
https://rdfportal.org/sib/sparql	bgee	http://bgee.org
https://rdfportal.org/sib/sparql	nextprot	http://rdfportal.org/dataset/nextprot
https://rdfportal.org/sib/sparql	rhea	http://rdfportal.org/dataset/rhea
https://rdfportal.org/sib/sparql	uniprot	http://sparql.uniprot.org/citationmapping
https://rdfportal.org/sib/sparql	uniprot	http://sparql.uniprot.org/citations
https://rdfportal.org/sib/sparql	uniprot	http://sparql.uniprot.org/core
https://rdfportal.org/sib/sparql	uniprot	http://sparql.uniprot.org/databases
https://rdfportal.org/sib/sparql	uniprot	http://sparql.uniprot.org/diseases
https://rdfportal.org/sib/sparql	uniprot	http://sparql.uniprot.org/enzyme
https://rdfportal.org/sib/sparql	uniprot	http://sparql.uniprot.org/go
https://rdfportal.org/sib/sparql	uniprot	http://sparql.uniprot.org/journal
https://rdfportal.org/sib/sparql	uniprot	http://sparql.uniprot.org/keywords
https://rdfportal.org/sib/sparql	uniprot	http://sparql.uniprot.org/locations
https://rdfportal.org/sib/sparql	uniprot	http://sparql.uniprot.org/pathways
https://rdfportal.org/sib/sparql	uniprot	http://sparql.uniprot.org/proteomes
https://rdfportal.org/sib/sparql	uniprot	http://sparql.uniprot.org/taxonomy
https://rdfportal.org/sib/sparql	uniprot	http://sparql.uniprot.org/tissues
https://rdfportal.org/sib/sparql	uniprot	http://sparql.uniprot.org/obsolete
https://rdfportal.org/sib/sparql	uniprot	http://sparql.uniprot.org/uniprot
https://rdfportal.org/sib/sparql	uniprot	https://sparql.uniprot.org/.well-known/void
https://rdfportal.org/wikidata/sparql	wikidata	http://rdfportal.org/dataset/wikidata
